ID,Url,Price,Name,Manufacturer,Image,Image_Url,Cores,Core_Clock,Memory,Interface,Dimensions,TDP
1,https://www.jimms.fi/fi/Product/Show/190850/dual-rtx4070-o12g/asus-geforce-rtx-4070-dual-oc-edition-naytonohjain-12gb-gddr6x,699.9,Geforce rtx 4070 dual - oc edition,Asus,GPU_438137-ig800gg.jpg,https://ic.jimms.fi/product/3/2/438137-ig800gg.jpg,5888,2550 mhz (boost clock),12gb gddr6x,Pcie 4.0,269 x 135 x 52 mm / 2.55 slot,650w
2,https://www.jimms.fi/fi/Product/Show/182495/gv-r675xtaorus-e-12gd/gigabyte-radeon-rx-6750-xt-aorus-elite-naytonohjain-12gb-gddr6,459.9,Radeon rx 6750 xt aorus elite,Gigabyte,GPU_388771-ig800gg.jpg,https://ic.jimms.fi/product/7/8/388771-ig800gg.jpg,2560,2623 mhz,12 gb gddr6,Pci-e 4.0,296 x 117 x 56 mm,650w
3,https://www.jimms.fi/fi/Product/Show/193263/dual-rx7600-o8g-v2/asus-radeon-rx-7600-dual-v2-oc-edition-naytonohjain-8gb-gddr6,319.9,Radeon rx 7600 dual v2 - oc edition,Asus,GPU_445473-ig800gg.jpg,https://ic.jimms.fi/product/7/6/445473-ig800gg.jpg,2048,2715 mhz (boost clock) /  2300 mhz (game clock),8gb gddr6,Pci-e 4.0,205 x 128 x 49 mm / 2.5 slot,550 w
4,https://www.jimms.fi/fi/Product/Show/193021/rtx-4060-ti-gaming-x-8g/msi-geforce-rtx-4060-ti-gaming-x-naytonohjain-8gb-gddr6,499.9,Geforce rtx 4060 ti gaming x,MSI,GPU_444910-ig800gg.jpg,https://ic.jimms.fi/product/1/9/444910-ig800gg.jpg,4352,,8gb gddr6,Pci express® gen 4 x16 (uses x8),247 x 130 x 42 mm,Tbd
5,https://www.jimms.fi/fi/Product/Show/193724/geforce-rtx-4060-gaming-x-8g/msi-geforce-rtx-4060-gaming-x-naytonohjain-8gb-gddr6,399.9,Geforce rtx 4060 gaming x,MSI,GPU_448261-ig800gg.jpg,https://ic.jimms.fi/product/6/8/448261-ig800gg.jpg,3072,2595 mhz,8gb gddr6,Pci express® gen 4 x 8,247 x 130 x 41 mm,550 w
6,https://www.jimms.fi/fi/Product/Show/177011/n730k-2gd3h-lpv1/msi-geforce-gt-730-naytonohjain-2gb-ddr3,70.9,Geforce gt 730,MSI,GPU_360085-ig800gg.jpg,https://ic.jimms.fi/product/8/4/360085-ig800gg.jpg,384,902 mhz (boost),2048mb ddr3,Pci express 2.0,146 x 69 x 39 mm,300w
7,https://www.jimms.fi/fi/Product/Show/195664/rx7700xt-cl-12go/asrock-radeon-rx-7700-xt-challenger-oc-naytonohjain-12gb-gddr6,544.9,Radeon rx 7700 xt challenger oc,ASRock,GPU_459170-ig800gg.jpg,https://ic.jimms.fi/product/7/9/459170-ig800gg.jpg,3456,2854 mhz,12gb gddr6,Pci express 4.0 x16,266 x 130 x 51 mm,750w
8,https://www.jimms.fi/fi/Product/Show/188145/gv-n407tgaming-oc-12gd/gigabyte-geforce-rtx-4070-ti-gaming-oc-naytonohjain-12gb-gddr6x,999.9,Geforce rtx 4070 ti gaming oc,Gigabyte,GPU_422119-ig800gg.jpg,https://ic.jimms.fi/product/1/0/422119-ig800gg.jpg,7680,2640 mhz,12gb gddr6x,Pci-e 4.0,336 x 140 x 58 mm,750w
9,https://www.jimms.fi/fi/Product/Show/196909/rtx-4080-16gb-ventus-3x-e-oc/msi-geforce-rtx-4080-ventus-3x-e-oc-naytonohjain-16gb-gddr6x,1393.9,Geforce rtx 4080 ventus 3x e oc,MSI,GPU_466448-ig800gg.jpg,https://ic.jimms.fi/product/4/1/466448-ig800gg.jpg,9728,2535 mhz,16gb gddr6x,Pci express gen 4,322 x 136 x 62 mm,750w
10,https://www.jimms.fi/fi/Product/Show/195521/proart-rtx4060ti-16g/asus-geforce-rtx-4060-ti-proart-naytonohjain-16gb-gddr6,617.9,Geforce rtx 4060 ti proart,Asus,GPU_458616-ig800gg.jpg,https://ic.jimms.fi/product/1/3/458616-ig800gg.jpg,4352,2535 mhz (boost clock),16gb gddr6,Pcie 4.0,300 x 120 x 50 mm / 2.5 slot,650w
11,https://www.jimms.fi/fi/Product/Show/195836/vcqp400v2-sb/pny-quadro-p400-naytonohjain-2gb-gddr5,153.9,Quadro p400,PNY,GPU_459973-ig800gg.jpg,https://ic.jimms.fi/product/7/6/459973-ig800gg.jpg,256,,2gb gddr5,Pci express 3.0 x16,,
12,https://www.jimms.fi/fi/Product/Show/194414/gv-n406taero-oc-16gd/gigabyte-geforce-rtx-4060-ti-aero-oc-naytonohjain-16gb-gddr6,599.9,Geforce rtx 4060 ti aero oc,Gigabyte,GPU_452098-ig800gg.jpg,https://ic.jimms.fi/product/9/1/452098-ig800gg.jpg,4352,,16gb gddr6,Pci express gen 4 x 8,281 x 117 x 50 mm,Tbd
13,https://www.jimms.fi/fi/Product/Show/193740/gv-n4060gaming-oc-8gd/gigabyte-geforce-rtx-4060-gaming-oc-naytonohjain-8gb-gddr6,389.9,Geforce rtx 4060 gaming oc,Gigabyte,GPU_447845-ig800gg.jpg,https://ic.jimms.fi/product/4/4/447845-ig800gg.jpg,3072,2550 mhz (core clock),8gb gddr6,Pci-e 4.0,281 x 114 x 40 mm,450w
14,https://www.jimms.fi/fi/Product/Show/185320/tuf-rtx4090-o24g-gaming/asus-geforce-rtx-4090-tuf-gaming-oc-edition-naytonohjain-24gb-gddr6x,2099.9,Geforce rtx 4090 tuf gaming - oc edition,Asus,GPU_404555-ig800gg.jpg,https://ic.jimms.fi/product/5/4/404555-ig800gg.jpg,16384,2595 mhz (boost clock),24gb gddr6x,Pcie 4.0,"348,2 x 150 x 72,6mm / 3.65 slot",850w
15,https://www.jimms.fi/fi/Product/Show/192415/dual-rx6600-8g-v2/asus-radeon-rx-6600-dual-v2-naytonohjain-8gb-gddr6,290,Radeon rx 6600 dual v2,Asus,GPU_441551-ig800gg.jpg,https://ic.jimms.fi/product/5/8/441551-ig800gg.jpg,1792,2491 mhz (boost clock) /  2064 mhz (game clock),8gb gddr6,Pci express 4.0,243 x 134 x 49 mm / 2.5 slot,500 w
16,https://www.jimms.fi/fi/Product/Show/182311/dual-rx6750xt-o12g/asus-radeon-rx-6750-xt-dual-oc-edition-naytonohjain-12gb-gddr6,399.9,Radeon rx 6750 xt dual - oc edition,Asus,GPU_387913-ig800gg.jpg,https://ic.jimms.fi/product/1/6/387913-ig800gg.jpg,2560,2638 mhz (boost clock) /  2532 mhz (game clock),12gb gddr6,Pcie 4.0,295 x 139 x 55 mm / 2.7 slot,750w
17,https://www.jimms.fi/fi/Product/Show/194416/gv-n406tgaming-oc-16gd/gigabyte-geforce-rtx-4060-ti-gaming-oc-naytonohjain-16gb-gddr6,582.9,Geforce rtx 4060 ti gaming oc,Gigabyte,GPU_452108-ig800gg.jpg,https://ic.jimms.fi/product/0/1/452108-ig800gg.jpg,4352,,16gb gddr6,Pci express gen 4 x 8,281 x 117 x 53 mm,Tbd
18,https://www.jimms.fi/fi/Product/Show/195516/proart-rtx4060-o8g/asus-geforce-rtx-4060-proart-oc-edition-naytonohjain-8gb-gddr6,409.9,Geforce rtx 4060 proart - oc edition,Asus,GPU_458551-ig800gg.jpg,https://ic.jimms.fi/product/5/8/458551-ig800gg.jpg,3072,2580 mhz (boost clock),8gb gddr6,Pcie 4.0,300 x 120 x 50 mm / 2.5 slot,550w
19,https://www.jimms.fi/fi/Product/Show/175745/vcnt1000-pb/pny-nvidia-t1000-naytonohjain-4gb-gddr6,441.9,Nvidia t1000,PNY,GPU_352937-ig800gg.jpg,https://ic.jimms.fi/product/3/2/352937-ig800gg.jpg,896,,4 gb gddr6,Pci expresss 3.0 x 16,,50 w
20,https://www.jimms.fi/fi/Product/Show/179302/axrx-6500xt-4gbd6-dh-oc/powercolor-radeon-rx-6500-xt-fighter-naytonohjain-4gb-gddr6,190.9,Radeon rx 6500 xt fighter,PowerColor,GPU_371509-ig800gg.jpg,https://ic.jimms.fi/product/0/0/371509-ig800gg.jpg,1024,2650 mhz (game) /  2820 mhz (boost),4gb gddr6,Pci-e 4.0,191 x 126 x 40 mm,
21,https://www.jimms.fi/fi/Product/Show/177062/vcnrtxa2000-pb/pny-nvidia-rtx-a2000-naytonohjain-6gb-gddr6,640.9,Nvidia rtx a2000,PNY,GPU_360364-ig800gg.jpg,https://ic.jimms.fi/product/6/5/360364-ig800gg.jpg,3328,,6 gb,Pci express 4.0 x16,,70 watt
22,https://www.jimms.fi/fi/Product/Show/187950/gv-n4080aorus-m-16gd/gigabyte-geforce-rtx-4080-aorus-master-naytonohjain-16gb-gddr6x,1632.9,Geforce rtx 4080 aorus master,Gigabyte,GPU_418797-ig800gg.jpg,https://ic.jimms.fi/product/9/2/418797-ig800gg.jpg,9728,2550 mhz (core clock),16gb gddr6x,Pci-e 4.0,357 x 163 x 75 mm,850w
23,https://www.jimms.fi/fi/Product/Show/188090/rx7900xtx-pg-24go/asrock-radeon-rx-7900-xtx-phantom-gaming-oc-naytonohjain-24gb-gddr6,1079.9,Radeon rx 7900 xtx phantom gaming oc,ASRock,GPU_418729-ig800gg.jpg,https://ic.jimms.fi/product/2/0/418729-ig800gg.jpg,6144,2615 mhz / 20 gbps,24gb gddr6,Pci express 4.0 x16,"330 x 140 x 57,6 mm / 2.8-slot",1000 w
24,https://www.jimms.fi/fi/Product/Show/172864/dual-rtx3060-o12g-v2/asus-geforce-rtx-3060-dual-oc-edition-v2-lhr-naytonohjain-12gb-gddr6,329.9,Geforce rtx 3060 dual - oc edition v2 (lhr),Asus,GPU_338803-ig800gg.jpg,https://ic.jimms.fi/product/0/6/338803-ig800gg.jpg,3584,1867 mhz (boost clock),12gb gddr6,Pci-e 4.0 x16,200 x 123 x 38 mm / 2-slot,650w
25,https://www.jimms.fi/fi/Product/Show/190791/axrx-6650xt-8gbd6-3dh/powercolor-radeon-rx-6650-xt-fighter-naytonohjain-8gb-gddr6,279.9,Radeon rx 6650 xt fighter,PowerColor,GPU_431846-ig800gg.jpg,https://ic.jimms.fi/product/4/3/431846-ig800gg.jpg,2048,Game 2410 mhz (std/silent); boost 2635 mhz (std/silent),8gb gddr6,Pcie 4.0 x8,200 x 111 x 39 mm / 212 x 129 x 39 mm (bracketin kanssa),600w
26,https://www.jimms.fi/fi/Product/Show/194412/dual-rtx4060ti-o16g/asus-geforce-rtx-4060-ti-dual-oc-edition-naytonohjain-16gb-gddr6,549.9,Geforce rtx 4060 ti dual - oc edition,Asus,GPU_452070-ig800gg.jpg,https://ic.jimms.fi/product/7/9/452070-ig800gg.jpg,4352,2595 mhz,16gb gddr6,Pci express gen 4 x 8,"227,2 x 123,24 x 49,6 mm",650 w
27,https://www.jimms.fi/fi/Product/Show/193184/gv-n406taero-oc-8gd/gigabyte-geforce-rtx-4060-ti-aero-oc-naytonohjain-8gb-gddr6,509.9,Geforce rtx 4060 ti aero oc,Gigabyte,GPU_444892-ig800gg.jpg,https://ic.jimms.fi/product/9/7/444892-ig800gg.jpg,4352,2580 mhz (core clock),8gb gddr6,Pci-e 4.0,281 x 117 x 50 mm,500w
28,https://www.jimms.fi/fi/Product/Show/186189/geforce-rtx-4080-16gb-suprim-x/msi-geforce-rtx-4080-suprim-x-naytonohjain-16gb-gddr6x,1559.9,Geforce rtx 4080 suprim x,MSI,GPU_412685-ig800gg.jpg,https://ic.jimms.fi/product/8/4/412685-ig800gg.jpg,9728,2625 mhz (gaming & silent mode),16gb gddr6x,Pci express gen 4,336 x 142 x 78 mm,850w (minimi 750w)
29,https://www.jimms.fi/fi/Product/Show/188745/gv-n407taorus-m-12gd/gigabyte-geforce-rtx-4070-ti-aorus-master-naytonohjain-12gb-gddr6x,1069.9,Geforce rtx 4070 ti aorus master,Gigabyte,GPU_422142-ig800gg.jpg,https://ic.jimms.fi/product/4/7/422142-ig800gg.jpg,7680,2670 mhz,12gb gddr6x,Pci-e 4.0,"342 x 153 x 70,6 mm",750w
30,https://www.jimms.fi/fi/Product/Show/196112/rtx-4060-ventus-2x-white-8g-oc/msi-geforce-rtx-4060-ventus-2x-white-oc-naytonohjain-8gb-gddr6,376.9,Geforce rtx 4060 ventus 2x white oc,MSI,GPU_461544-ig800gg.jpg,https://ic.jimms.fi/product/4/5/461544-ig800gg.jpg,3072,2490 mhz,8gb gddr6,Pci express® gen 4 x 8,199 x 120 x 41 mm,550 w
31,https://www.jimms.fi/fi/Product/Show/194187/a380-lp-6g/asrock-intel-arc-a380-low-profile-naytonohjain-6gb-gddr6,159.9,Intel arc a380 low profile,ASRock,GPU_450399-ig800gg.jpg,https://ic.jimms.fi/product/9/0/450399-ig800gg.jpg,128,2000 mhz (base),6gb gddr6,Pci express 4.0 x8,169 x 69 x 39 mm / 2-slot,450w
32,https://www.jimms.fi/fi/Product/Show/195517/proart-rtx4060-8g/asus-geforce-rtx-4060-proart-naytonohjain-8gb-gddr6,437.9,Geforce rtx 4060 proart,Asus,GPU_458564-ig800gg.jpg,https://ic.jimms.fi/product/6/5/458564-ig800gg.jpg,3072,2490 mhz (boost clock),8gb gddr6,Pcie 4.0,300 x 120 x 50 mm / 2.5 slot,550w
33,https://www.jimms.fi/fi/Product/Show/186255/a770-pgd-8go/asrock-intel-arc-a770-phantom-gaming-d-oc-naytonohjain-8gb-gddr6,364.9,Intel arc a770 phantom gaming d oc,ASRock,GPU_408986-ig800gg.jpg,https://ic.jimms.fi/product/8/3/408986-ig800gg.jpg,512,2200 mhz,8gb gddr6,Pci express 4.0 x16,305 x 131 x 56 mm / 2.8-slot,700w
34,https://www.jimms.fi/fi/Product/Show/187787/tuf-rx7900xt-o20g-gaming/asus-radeon-rx-7900-xt-tuf-gaming-oc-edition-naytonohjain-20gb-gddr6,1047.9,Radeon rx 7900 xt tuf gaming - oc edition,Asus,GPU_417460-ig800gg.jpg,https://ic.jimms.fi/product/6/9/417460-ig800gg.jpg,5376,2535 mhz (boost clock),20gb gddr6,Pcie 4.0,"352,9 x 158,2 x 72,6 mm / 3.63 slot",750w
35,https://www.jimms.fi/fi/Product/Show/187727/rog-strix-rtx4070ti-o12g-gam/asus-geforce-rtx-4070-ti-rog-strix-oc-edition-naytonohjain-12gb-gddr6x,1139.9,Geforce rtx 4070 ti rog strix - oc edition,Asus,GPU_422048-ig800gg.jpg,https://ic.jimms.fi/product/4/1/422048-ig800gg.jpg,7680,2760 mhz (boost clock),12gb gddr6x,Pcie 4.0,336 x 150 x 63 mm / 3.15 slot,750w
36,https://www.jimms.fi/fi/Product/Show/195341/gv-r77xtgaming-oc-12gd/gigabyte-radeon-rx-7700-xt-gaming-oc-naytonohjain-12gb-gddr6,559.9,Radeon rx 7700 xt gaming oc,Gigabyte,GPU_457380-ig800gg.jpg,https://ic.jimms.fi/product/8/9/457380-ig800gg.jpg,3456,2276 mhz,12gb gddr6,Pci-e 4.0,302 x 130 x 56 mm / 2.7 slot,700w
37,https://www.jimms.fi/fi/Product/Show/191405/gv-n4070wf3oc-12gd/gigabyte-geforce-rtx-4070-windforce-oc-naytonohjain-12gb-gddr6x,659.9,Geforce rtx 4070 windforce oc,Gigabyte,GPU_438200-ig800gg.jpg,https://ic.jimms.fi/product/0/9/438200-ig800gg.jpg,5888,2490 mhz,12gb gddr6x,Pcie 4.0,261 x 126 x 50 mm / 2.5 slot,650w
38,https://www.jimms.fi/fi/Product/Show/195673/dual-rtx3050-o8g-v2/asus-geforce-rtx-3050-dual-v2-oc-edition-naytonohjain-8gb-gddr6,297.9,Geforce rtx 3050 dual v2 - oc edition,Asus,GPU_459233-ig800gg.jpg,https://ic.jimms.fi/product/3/6/459233-ig800gg.jpg,2560,1852 mhz (boost clock),8gb gddr6,Pci express 4.0,200 x 123 x 38 mm / 2 slot,550w
39,https://www.jimms.fi/fi/Product/Show/179032/tuf-rx-6500-xt-oc-4gb/asus-radeon-rx-6500-xt-tuf-gaming-oc-edition-naytonohjain-4gb-gddr6,216.9,Radeon rx 6500 xt tuf gaming - oc edition,Asus,GPU_372052-ig800gg.jpg,https://ic.jimms.fi/product/5/7/372052-ig800gg.jpg,1024,2825 mhz (boost clock) /  2705 mhz (game clock),4gb gddr6,Pci express 4.0,250 x 147 x 54 mm / 2.7 slot,500w
40,https://www.jimms.fi/fi/Product/Show/170562/ph-gtx1650-o4gd6/asus-geforce-gtx-1650-phoenix-oc-edition-naytonohjain-4gb-gddr6,204.9,Geforce gtx 1650 phoenix - oc edition,Asus,GPU_326141-ig800gg.jpg,https://ic.jimms.fi/product/4/8/326141-ig800gg.jpg,896,Oc mode: 1635 mhz (boost),4gb gddr6,Pci express 3.0 x16,"17,4 x 12,6 x 3,9 cm / 2 slot",300w
41,https://www.jimms.fi/fi/Product/Show/188634/c4090-246xx-1833fb/inno3d-geforce-rtx-4090-ichill-frostbite-naytonohjain-24gb-gddr6x,2167.9,Geforce rtx 4090 ichill frostbite,Inno3D,GPU_421399-ig800gg.jpg,https://ic.jimms.fi/product/9/0/421399-ig800gg.jpg,16384,2580 mhz,24gb gddr6x,Pci-e 4.0 x16,200 x 159 x 37 mm,850w
42,https://www.jimms.fi/fi/Product/Show/196665/vcnrtx4500ada-pb/pny-nvidia-rtx-4500-ada-generation-naytonohjain-24gb-gddr6,3647.9,Nvidia rtx 4500 ada generation,PNY,GPU_465011-ig800gg.jpg,https://ic.jimms.fi/product/1/8/465011-ig800gg.jpg,"7,680",,,,,
43,https://www.jimms.fi/fi/Product/Show/194801/dual-rtx4060-o8g-white/asus-geforce-rtx-4060-dual-white-oc-edition-naytonohjain-8gb-gddr6,392.9,Geforce rtx 4060 dual white - oc edition,Asus,GPU_454420-ig800gg.jpg,https://ic.jimms.fi/product/2/9/454420-ig800gg.jpg,3072,2535 mhz (boost clock),8gb gddr6,Pcie 4.0,227.2 x 123.24 x 49.6 mm / 2.5 slot,550w
44,https://www.jimms.fi/fi/Product/Show/187868/rog-strix-rtx4070ti-12g-gaming/asus-geforce-rtx-4070-ti-rog-strix-naytonohjain-12gb-gddr6x,1172.9,Geforce rtx 4070 ti rog strix,Asus,GPU_422064-ig800gg.jpg,https://ic.jimms.fi/product/6/5/422064-ig800gg.jpg,7680,2610 mhz (boost clock),12gb gddr6x,Pcie 4.0,336 x 150 x 63 mm / 3.15 slot,750w
45,https://www.jimms.fi/fi/Product/Show/169889/rtx-3060-ventus-2x-12g-oc/msi-geforce-rtx-3060-ventus-2x-oc-lhr-naytonohjain-12gb-gddr6,319.9,Geforce rtx 3060 ventus 2x oc (lhr),MSI,GPU_323128-ig800gg.jpg,https://ic.jimms.fi/product/2/1/323128-ig800gg.jpg,3584,1807 mhz (boost),12gb gddr6,Pci express gen 4,235 x 124 x 42 mm,550w
46,https://www.jimms.fi/fi/Product/Show/195782/rtx-4070-ventus-2x-white-12goc/msi-geforce-rtx-4070-ventus-2x-white-oc-naytonohjain-12gb-gddr6x,669.9,Geforce rtx 4070 ventus 2x white oc,MSI,GPU_459747-ig800gg.jpg,https://ic.jimms.fi/product/4/2/459747-ig800gg.jpg,5888,2505 mhz,12gb gddr6x,Pci express gen 4,242 x 125 x 43 mm,650w
47,https://www.jimms.fi/fi/Product/Show/187919/11322-02/sapphire-radeon-rx-7900-xtx-pulse-naytonohjain-24gb-gddr6,1148.9,Radeon rx 7900 xtx pulse,Sapphire,GPU_418200-ig800gg.jpg,https://ic.jimms.fi/product/0/9/418200-ig800gg.jpg,6144,2525 mhz,24 576 mb,X16 pcie 4.0,"313 x 133,75 x 52,67 mm / 2.7 slot",800 W
48,https://www.jimms.fi/fi/Product/Show/194743/46nsl8md8lok/kfa2-geforce-rtx-4060-1-click-oc-2x-naytonohjain-8gb-gddr6,329.9,Geforce rtx 4060 1-click oc 2x,KFA2,GPU_454112-ig800gg.jpg,https://ic.jimms.fi/product/1/7/454112-ig800gg.jpg,3072,2475 mhz,8gb gddr6,Pci-e 4.0,251 x 133 x 41 mm (bracketin kanssa) / 237 x 118 x 41 mm (ilman brackettia),550 w
49,https://www.jimms.fi/fi/Product/Show/193706/dual-rtx4060-o8g/asus-geforce-rtx-4060-dual-oc-edition-naytonohjain-8gb-gddr6,359.9,Geforce rtx 4060 dual - oc edition,Asus,GPU_447633-ig800gg.jpg,https://ic.jimms.fi/product/3/6/447633-ig800gg.jpg,3072,2535 mhz (boost clock),8gb gddr6,Pcie 4.0,227.2 x 123.24 x 49.6 mm / 2.5 slot,550w
50,https://www.jimms.fi/fi/Product/Show/193704/rog-strix-rtx4060-o8g-gaming/asus-geforce-rtx-4060-rog-strix-oc-edition-naytonohjain-8gb-gddr6,497.9,Geforce rtx 4060 rog strix - oc edition,Asus,GPU_447627-ig800gg.jpg,https://ic.jimms.fi/product/2/2/447627-ig800gg.jpg,3072,Tbd mhz (boost clock),8gb gddr6,Pcie 4.0,"311,4 x 133,5 x 61,9 mm / 3.1 slot",550w
51,https://www.jimms.fi/fi/Product/Show/195382/tuf-rx7800xt-o16-white-gaming/asus-radeon-rx-7800-xt-tuf-gaming-white-oc-edition-naytonohjain-16gb-gddr6,709.9,Radeon rx 7800 xt tuf gaming white - oc edition,Asus,GPU_457771-ig800gg.jpg,https://ic.jimms.fi/product/7/8/457771-ig800gg.jpg,3840,2565 mhz (boost clock),16gb gddr6,Pcie 4.0,"319,8 x 150,9 x 59,2 mm / 2.96 slot",750w
52,https://www.jimms.fi/fi/Product/Show/181757/vcnrtxa5500-pb/pny-rtx-a5500-naytonohjain-24gb-gddr6-4x-dp,4798.9,Rtx a5500,PNY,GPU_384947-ig800gg.jpg,https://ic.jimms.fi/product/4/2/384947-ig800gg.jpg,10240,,24 gb,Pci express 4.0 x16,"26,67 cm",230 w
53,https://www.jimms.fi/fi/Product/Show/196187/rtx-4090-ventus-3x-e-24g-oc/msi-geforce-rtx-4090-ventus-3x-e-oc-naytonohjain-24gb-gddr6x,1949.9,Geforce rtx 4090 ventus 3x e oc,MSI,GPU_462059-ig800gg.jpg,https://ic.jimms.fi/product/5/0/462059-ig800gg.jpg,16384,2550 mhz,24gb gddr6x,Pci express gen 4,322 x 136 x 62 mm,850w
54,https://www.jimms.fi/fi/Product/Show/193275/rog-strix-lc-rtx4090-o24g-gami/asus-geforce-rtx-4090-rog-strix-lc-oc-edition-naytonohjain-24gb-gddr6x,2436.9,Geforce rtx 4090 rog strix lc - oc edition,Asus,GPU_445219-ig800gg.jpg,https://ic.jimms.fi/product/1/0/445219-ig800gg.jpg,16384,2640 mhz (boost clock),24gb gddr6x,Pci-e 4.0,,1000w
55,https://www.jimms.fi/fi/Product/Show/193984/gv-n407taero-ocv2-12gd/gigabyte-geforce-rtx-4070-ti-aero-oc-v2-naytonohjain-12gb-gddr6x,1029.9,Geforce rtx 4070 ti aero oc v2,Gigabyte,GPU_449315-ig800gg.jpg,https://ic.jimms.fi/product/1/4/449315-ig800gg.jpg,7680,2640 mhz,12gb gddr6x,Pci-e 4.0,"300 x 130 x 57,6 mm",750w
56,https://www.jimms.fi/fi/Product/Show/195812/11330-03-20g/sapphire-radeon-rx-7800-xt-pure-naytonohjain-16gb-gddr6,643.9,Radeon rx 7800 xt pure,Sapphire,GPU_459894-ig800gg.jpg,https://ic.jimms.fi/product/9/5/459894-ig800gg.jpg,3840,2475 mhz,16gb gddr6,Pci-express 4.0 x16,"320 x 128,75 x 52,57 mm / 2.5 slot",700 W
57,https://www.jimms.fi/fi/Product/Show/191845/47nom7md7jek/kfa2-geforce-rtx-4070-ex-gamer-naytonohjain-12gb-gddr6x,679.9,Geforce rtx 4070 ex gamer,KFA2,GPU_438493-ig800gg.jpg,https://ic.jimms.fi/product/9/6/438493-ig800gg.jpg,5888,2535 mhz,12gb gddr6x,Pci-e 4.0,336 x 146 x 48 mm (bracketin kanssa) / 323 x 131 x 48 mm (ilman brackettia),600 w
58,https://www.jimms.fi/fi/Product/Show/195659/rog-matrix-rtx4090-p24g-gaming/asus-geforce-rtx-4090-rog-matrix-platinum-naytonohjain-24gb-gddr6x,3399.9,Geforce rtx 4090 rog matrix platinum,Asus,GPU_459144-ig800gg.jpg,https://ic.jimms.fi/product/4/5/459144-ig800gg.jpg,16384,2670 mhz,24gb gddr6x,Pcie 4.0,,1000w
59,https://www.jimms.fi/fi/Product/Show/81245/kvr16n11s8k2-8/kingston-8gb-2-x-4gb-ddr3-1600mhz-cl11-1-5v,54.9,8gb (2 x 4gb),Kingston,GPU_79802-ig800gg.jpg,https://ic.jimms.fi/product/0/7/79802-ig800gg.jpg,,,,,,
60,https://www.jimms.fi/fi/Product/Show/195078/rx7800xt-16gb-l-oc/powercolor-radeon-rx-7800-xt-hellhound-naytonohjain-16gb-gddr6,629.9,Radeon rx 7800 xt hellhound,PowerColor,GPU_457717-ig800gg.jpg,https://ic.jimms.fi/product/1/2/457717-ig800gg.jpg,3840,2520 mhz (oc) / 2430 mhz (silent),16gb gddr6,Pcie 4.0,322 x 134 x 50 mm / 3332 x 147 x 50 mm (bracketin kanssa) / 2.5 slot,750w
61,https://www.jimms.fi/fi/Product/Show/195077/rx7800xt-16gb-e-oc/powercolor-radeon-rx-7800-xt-red-devil-naytonohjain-16gb-gddr6,679.9,Radeon rx 7800 xt red devil,PowerColor,GPU_457725-ig800gg.jpg,https://ic.jimms.fi/product/2/4/457725-ig800gg.jpg,3840,2565 mhz (oc) / 2475 mhz (silent),16gb gddr6,Pcie 4.0,332 x 135 x 52 mm / 345 x 151 x 52 mm (bracketin kanssa) / 2.5 slot,800w
62,https://www.jimms.fi/fi/Product/Show/161642/tuf-gtx1660s-o6g-gaming/asus-geforce-gtx-1660-super-tuf-gaming-oc-edition-naytonohjain-6gb-gddr6,346.9,Geforce gtx 1660 super - tuf gaming oc edition,Asus,GPU_281913-ig800gg.jpg,https://ic.jimms.fi/product/1/6/281913-ig800gg.jpg,1408,Oc mode: 1845 mhz (boost),6gb gddr6,Pci express 3.0,"20,6 x 12,4 x 4,6 cm / 2.3 slot",450w
63,https://www.jimms.fi/fi/Product/Show/185564/gv-n4090wf3-24gd/gigabyte-geforce-rtx-4090-windforce-naytonohjain-24gb-gddr6x,2225.9,Geforce rtx 4090 windforce,Gigabyte,GPU_404792-ig800gg.jpg,https://ic.jimms.fi/product/9/7/404792-ig800gg.jpg,16384,2520 mhz (core clock),24gb gddr6x,Pci-e 4.0,331 x 150 x 70 mm,850w
64,https://www.jimms.fi/fi/Product/Show/45764/t2g-d3d-if/matrox-triplehead2go-digi-adapteri-1xhd15-1xdvi-i-3xdvi-i,334.9,Triplehead2go digi adapteri 1xhd15+1xdvi-i > 3xdvi-i,Matrox,GPU_36715-ig800gg.jpg,https://ic.jimms.fi/product/1/4/36715-ig800gg.jpg,,,,,113x140x28 mm.,
65,https://www.jimms.fi/fi/Product/Show/171539/vcnrtxa6000-pb/pny-nvidia-rtx-a6000-naytonohjain-48gb-gddr6-4x-dp,6550.9,Nvidia rtx a6000,PNY,GPU_331516-ig800gg.jpg,https://ic.jimms.fi/product/1/3/331516-ig800gg.jpg,10752,,48 gb,Pci express 4.0 x16,"26,67 cm",300 w
66,https://www.jimms.fi/fi/Product/Show/196084/rx7900xtx-tcw-24go/asrock-radeon-rx-7900-xtx-taichi-white-oc-naytonohjain-24gb-gddr6,1159.9,Radeon rx 7900 xtx taichi white oc,ASRock,GPU_461402-ig800gg.jpg,https://ic.jimms.fi/product/0/7/461402-ig800gg.jpg,6144,2680 mhz,24gb gddr6,Pci express 4.0 x16,345 x 140 x 61 mm / 3-slot,1000 w
67,https://www.jimms.fi/fi/Product/Show/194749/46isl8md8aek/kfa2-geforce-rtx-4060-ti-ex-1-click-oc-naytonohjain-8gb-gddr6,449.9,Geforce rtx 4060 ti ex 1-click oc,KFA2,GPU_454148-ig800gg.jpg,https://ic.jimms.fi/product/4/1/454148-ig800gg.jpg,4352,2640 mhz,8gb gddr6,Pci-e 4.0,264 x 145 x 41 mm (bracketin kanssa) / 251 x 130 x 40 mm (ilman brackettia),550 w
68,https://www.jimms.fi/fi/Product/Show/187265/gv-n4080eagle-oc-16gd/gigabyte-geforce-rtx-4080-eagle-oc-naytonohjain-16gb-gddr6x,1477.9,Geforce rtx 4080 eagle oc,Gigabyte,GPU_414387-ig800gg.jpg,https://ic.jimms.fi/product/8/2/414387-ig800gg.jpg,9728,2520 mhz (core clock),16gb gddr6x,Pci-e 4.0,342 x 150 x 70 mm,850w
69,https://www.jimms.fi/fi/Product/Show/188571/gtx-1650-d6-ventus-xs-ocv1/msi-geforce-gtx-1650-d6-ventus-xs-ocv1-naytonohjain-4gb-gddr6,187.9,Geforce gtx 1650 d6 ventus xs ocv1,MSI,GPU_420953-ig800gg.jpg,https://ic.jimms.fi/product/5/6/420953-ig800gg.jpg,896,Boost: 1620 mhz,4gb gddr6,Pci express x16 3.0,179 x 115 x 42 mm,300 w
70,https://www.jimms.fi/fi/Product/Show/195291/rtx-4090-24gb-gddr6x-oc-eva-02/asus-geforce-rtx-4090-rog-strix-oc-eva-02-edition-naytonohjain-24gb-gddr6x,2449.9,Geforce rtx 4090 rog strix - oc eva-02 edition,Asus,GPU_456973-ig800gg.jpg,https://ic.jimms.fi/product/7/6/456973-ig800gg.jpg,16384,2610 mhz (boost clock),24gb gddr6x,Pci express 4.0,"357,6 x 149,3 x 70,1 mm / 3.5 slot",1000w
71,https://www.jimms.fi/fi/Product/Show/190540/47iom7md7aek/kfa2-geforce-rtx-4070-ti-ex-gamer-naytonohjain-12gb-gddr6x,899.9,Geforce rtx 4070 ti ex gamer,KFA2,GPU_430370-ig800gg.jpg,https://ic.jimms.fi/product/7/9/430370-ig800gg.jpg,7680,2670 mhz,12gb gddr6x,Pci-e 4.0,336 x 146 x 62 mm (bracketin kanssa) / 323 x 131 x 60 mm (ilman brackettia),700 w
72,https://www.jimms.fi/fi/Product/Show/187947/gv-n3060wf2oc-12gd/gigabyte-geforce-rtx-3060-windforce-oc-lhr-naytonohjain-12gb-gddr6,309.9,Geforce rtx 3060 windforce oc (lhr),Gigabyte,GPU_418780-ig800gg.jpg,https://ic.jimms.fi/product/8/9/418780-ig800gg.jpg,3584,1792 mhz,12gb gddr6,Pci-e 4.0 x16,198 x 121 x 39 mm,550w
73,https://www.jimms.fi/fi/Product/Show/171081/tuf-gtx1650-o4gd6-gaming/asus-geforce-gtx-1650-tuf-gaming-oc-edition-naytonohjain-4gb-gddr6,210.9,Geforce gtx 1650 tuf gaming - oc edition,Asus,GPU_329040-ig800gg.jpg,https://ic.jimms.fi/product/4/9/329040-ig800gg.jpg,896,Oc mode: 1680 mhz (boost clock),4gb gddr6,Pci express 3.0,"20,45 x 12,49 x 4,56 cm / 2.3 slot",300w
74,https://www.jimms.fi/fi/Product/Show/194770/11324-01-20g/sapphire-radeon-rx-7600-pulse-naytonohjain-8gb-gddr6,307.9,Radeon rx 7600 pulse,Sapphire,GPU_454237-ig800gg.jpg,https://ic.jimms.fi/product/3/2/454237-ig800gg.jpg,2048,2755 mhz,8 gb,Pcie 4.0 x8,"240 x 107,10 x 44,07 mm / 2 slot",550 W
75,https://www.jimms.fi/fi/Product/Show/193707/dual-rtx4060-8g/asus-geforce-rtx-4060-dual-naytonohjain-8gb-gddr6,390.9,Geforce rtx 4060 dual,Asus,GPU_447638-ig800gg.jpg,https://ic.jimms.fi/product/3/1/447638-ig800gg.jpg,3072,2490 mhz (boost clock),8gb gddr6,Pcie 4.0,200 x 123 x 38 mm / 2.5 slot,550w
76,https://www.jimms.fi/fi/Product/Show/193278/tuf-rtx4090-24g-og-gaming/asus-geforce-rtx-4090-tuf-gaming-og-naytonohjain-24gb-gddr6x,2167.9,Geforce rtx 4090 tuf gaming og,Asus,GPU_445252-ig800gg.jpg,https://ic.jimms.fi/product/5/7/445252-ig800gg.jpg,16384,2520 mhz,24gb gddr6x,Pci-e 4.0,"325,9 x 140,2 x 62,8 mm / 3.2 slot",850w
77,https://www.jimms.fi/fi/Product/Show/195454/c4090-246x-1833fbp/inno3d-geforce-rtx-4090-ichill-frostbite-pro-naytonohjain-24gb-gddr6x,2275.9,Geforce rtx 4090 ichill frostbite pro,Inno3D,GPU_458126-ig800gg.jpg,https://ic.jimms.fi/product/2/3/458126-ig800gg.jpg,16384,2520 mhz,24gb gddr6x,Pci-e 4.0 x16,208 x 134 x 23 mm,850w
78,https://www.jimms.fi/fi/Product/Show/188179/gv-r79xtxaorus-e-24gd/gigabyte-radeon-rx-7900-xtx-aorus-elite-naytonohjain-24gb-gddr6,1299.9,Radeon rx 7900 xtx aorus elite,Gigabyte,GPU_419143-ig800gg.jpg,https://ic.jimms.fi/product/4/6/419143-ig800gg.jpg,6144,2680 mhz,24gb gddr6,Pci-e 4.0,335 x 137 x 69 mm,850w
79,https://www.jimms.fi/fi/Product/Show/155670/gtx-1660-super-ventu-xs-oc/msi-geforce-gtx-1660-super-ventus-xs-oc-naytonohjain-6gb-gddr6,363.9,Geforce gtx 1660 super - ventus xs oc,MSI,GPU_259877-ig800gg.jpg,https://ic.jimms.fi/product/7/2/259877-ig800gg.jpg,1408,1815 mhz (boost),6gb gddr6,Pci-e 3.0 x16,204 x 128 x 42 mm,450w
80,https://www.jimms.fi/fi/Product/Show/186256/rog-strix-rtx4080-o16g-gaming/asus-geforce-rtx-4080-rog-strix-oc-edition-naytonohjain-16gb-gddr6x,1649.9,Geforce rtx 4080 rog strix - oc edition,Asus,GPU_409001-ig800gg.jpg,https://ic.jimms.fi/product/0/8/409001-ig800gg.jpg,9728,2655 mhz (boost clock),16gb gddr6x,Pcie 4.0,"357,6 x 149,3 x 70,1 mm / 3,5 slot",750w
81,https://www.jimms.fi/fi/Product/Show/193185/gv-n406tgaming-oc-8gd/gigabyte-geforce-rtx-4060-ti-gaming-oc-naytonohjain-8gb-gddr6,499.9,Geforce rtx 4060 ti gaming oc,Gigabyte,GPU_444877-ig800gg.jpg,https://ic.jimms.fi/product/7/2/444877-ig800gg.jpg,4352,2580 mhz (core clock),8gb gddr6,Pci-e 4.0,281 x 117 x 53 mm,500w
82,https://www.jimms.fi/fi/Product/Show/188088/rx-7900-xtx-aqua/asrock-radeon-rx-7900-xtx-aqua-oc-naytonohjain-24gb-gddr6,1599.9,Radeon rx 7900 xtx aqua oc,ASRock,GPU_418718-ig800gg.jpg,https://ic.jimms.fi/product/1/1/418718-ig800gg.jpg,6144,2680 mhz,24gb gddr6,Pci express 4.0 x16,275 x 157 x 22 mm,1000 w
83,https://www.jimms.fi/fi/Product/Show/194618/rtx-4070-ventus-3x-e-12g-oc/msi-geforce-rtx-4070-ventus-3x-e-oc-naytonohjain-12gb-gddr6x,689.9,Geforce rtx 4070 ventus 3x e oc,MSI,GPU_454173-ig800gg.jpg,https://ic.jimms.fi/product/7/6/454173-ig800gg.jpg,5888,2505 mhz,12gb gddr6x,Pcie 4.0,308 x 120 x 43 mm,650w
84,https://www.jimms.fi/fi/Product/Show/190847/rtx4080-o16g-noctua/asus-geforce-rtx-4080-noctua-oc-edition-naytonohjain-16gb-gddr6x,1599.9,Geforce rtx 4080 noctua oc edition,Asus,GPU_432062-ig800gg.jpg,https://ic.jimms.fi/product/6/7/432062-ig800gg.jpg,9728,2595 mhz (boost clock),16gb gddr6x,Pcie 4.0,"310 x 144,8 x 87,5 mm / 4.3 slot",750 w
85,https://www.jimms.fi/fi/Product/Show/196276/gv-n406twf2oc-16gd/gigabyte-geforce-rtx-4060-ti-windforce-oc-naytonohjain-16gb-gddr6,549.9,Geforce rtx 4060 ti windforce oc,Gigabyte,GPU_462685-ig800gg.jpg,https://ic.jimms.fi/product/8/4/462685-ig800gg.jpg,4352,2565 mhz (core clock),16gb gddr6,Pci-e 4.0,201 x 120 x 41 mm,500w
86,https://www.jimms.fi/fi/Product/Show/193039/gv-n406taorus-e-8gd/gigabyte-geforce-rtx-4060-ti-aorus-elite-naytonohjain-8gb-gddr6,539.9,Geforce rtx 4060 ti aorus elite,Gigabyte,GPU_444868-ig800gg.jpg,https://ic.jimms.fi/product/6/1/444868-ig800gg.jpg,4352,2655 mhz (core clock),8gb gddr6,Pci-e 4.0,301 x 128 x 56 mm,500w
87,https://www.jimms.fi/fi/Product/Show/160965/tcst4m-pb/pny-nvidia-tesla-t4-lowprofile-naytonohjain-16gb-gddr6,2674.9,Nvidia tesla t4 lowprofile,PNY,GPU_278132-ig800gg.jpg,https://ic.jimms.fi/product/3/7/278132-ig800gg.jpg,2560,,16 gb,Pci express 3.0 x16,,70 watt
88,https://www.jimms.fi/fi/Product/Show/193020/rtx-4060-ti-gaming-x-trio-8g/msi-geforce-rtx-4060-ti-gaming-x-trio-naytonohjain-8gb-gddr6,539.9,Geforce rtx 4060 ti gaming x trio,MSI,GPU_444904-ig800gg.jpg,https://ic.jimms.fi/product/0/5/444904-ig800gg.jpg,4352,,8gb gddr6,Pci express® gen 4 x16 (uses x8),338 x 141 x 52 mm,Tbd
89,https://www.jimms.fi/fi/Product/Show/187788/tuf-rx7900xtx-o24g-gaming/asus-radeon-rx-7900-xtx-tuf-gaming-oc-edition-naytonohjain-24gb-gddr6,1239.9,Radeon rx 7900 xtx tuf gaming - oc edition,Asus,GPU_417462-ig800gg.jpg,https://ic.jimms.fi/product/6/7/417462-ig800gg.jpg,6144,2615 mhz (boost clock),24gb gddr6,Pcie 4.0,"352,9 x 158,2 x 72,6 mm / 3.63 slot",850w
90,https://www.jimms.fi/fi/Product/Show/195467/rog-strix-rtx4070-o12g-gaming/asus-geforce-rtx-4070-rog-strix-oc-edition-naytonohjain-12gb-gddr6x,904.9,Geforce rtx 4070 rog strix - oc edition,Asus,GPU_458196-ig800gg.jpg,https://ic.jimms.fi/product/9/3/458196-ig800gg.jpg,5888,2610 mhz (boost),12gb gddr6x,Pci express 4.0,"338,9 x 149,4 x 62,4 mm / 3.12 slot",650w
91,https://www.jimms.fi/fi/Product/Show/193037/dual-rtx4060ti-o8g/asus-geforce-rtx-4060-ti-dual-oc-edition-naytonohjain-8gb-gddr6,479.9,Geforce rtx 4060 ti dual - oc edition,Asus,GPU_444947-ig800gg.jpg,https://ic.jimms.fi/product/4/2/444947-ig800gg.jpg,4352,2565 mhz (boost),8gb gddr6,Pci express 4.0,"227,2 x 123,24 x 49,6 mm / 2.5 slot",650w
92,https://www.jimms.fi/fi/Product/Show/179435/rx-6500-xt-mech-2x-4g-oc/msi-radeon-rx-6500-xt-mech-2x-oc-naytonohjain-4gb-gddr6,194.9,Radeon rx 6500 xt mech 2x oc,MSI,GPU_372171-ig800gg.jpg,https://ic.jimms.fi/product/7/8/372171-ig800gg.jpg,1024,2825 mhz,4gb gddr6,Pci express 4.0 x4,172 x 112 x 42 mm,400w
93,https://www.jimms.fi/fi/Product/Show/194334/rtx-4060-ti-ventus-3x-16g-oc/msi-geforce-rtx-4060-ti-ventus-3x-oc-naytonohjain-16gb-gddr6,559.9,Geforce rtx 4060 ti ventus 3x oc,MSI,GPU_451346-ig800gg.jpg,https://ic.jimms.fi/product/4/3/451346-ig800gg.jpg,4352,2610 mhz,16gb gddr6,Pci express gen 4 x16 (uses x8),308 x 120 x 42 mm,550 w
94,https://www.jimms.fi/fi/Product/Show/191402/gv-n4070aero-oc-12gd/gigabyte-geforce-rtx-4070-aero-oc-naytonohjain-12gb-gddr6x,769.9,Geforce rtx 4070 aero oc,Gigabyte,GPU_438171-ig800gg.jpg,https://ic.jimms.fi/product/7/8/438171-ig800gg.jpg,5888,2565 mhz,12gb gddr6x,Pcie 4.0,300 x 130 x 58 mm / 3 slot,700w
95,https://www.jimms.fi/fi/Product/Show/169883/rtx-3060-aero-itx-12g-oc/msi-geforce-rtx-3060-aero-itx-oc-lhr-naytonohjain-12gb-gddr6,438.9,Geforce rtx 3060 aero itx oc (lhr),MSI,GPU_349984-ig800gg.jpg,https://ic.jimms.fi/product/8/5/349984-ig800gg.jpg,3584,1792 mhz (boost),12gb gddr6,Pci express gen 4,172 x 125 x 43 mm,550w
96,https://www.jimms.fi/fi/Product/Show/182908/vcnrtxa4500-sb/pny-rtx-a4500-naytonohjain-20gb-gddr6-4x-dp,1662.9,Rtx a4500,PNY,GPU_391492-ig800gg.jpg,https://ic.jimms.fi/product/9/7/391492-ig800gg.jpg,7168,,20 gb,Pci express 4.0 x16,"26,67 cm",200 w
97,https://www.jimms.fi/fi/Product/Show/119553/gt-710-2gd3h-lp/msi-nvidia-geforce-gt-710-2gd3h-lp-naytonohjain-2gb-ddr3,52.9,Nvidia geforce gt 710 2gd3h lp,MSI,GPU_136867-ig800gg.jpg,https://ic.jimms.fi/product/6/2/136867-ig800gg.jpg,,954 mhz (core),2048 mb ddr3,Pci express 2.0 x16 (uses x8),146 x 69 x 19 mm,300w
98,https://www.jimms.fi/fi/Product/Show/170563/tuf-gtx1650-4gd6-gaming/asus-geforce-gtx-1650-tuf-gaming-naytonohjain-4gb-gddr6,220.9,Geforce gtx 1650 tuf gaming,Asus,GPU_326145-ig800gg.jpg,https://ic.jimms.fi/product/4/4/326145-ig800gg.jpg,896,Oc mode: 1620 mhz (boost),4gb gddr6,Pci express 3.0 x16,"20,45 x 12,49 x 4,56 cm / 2.3 slot",300w
99,https://www.jimms.fi/fi/Product/Show/195667/rx7800xt-cl-16go/asrock-radeon-rx-7800-xt-challenger-oc-naytonohjain-16gb-gddr6,619.9,Radeon rx 7800 xt challenger oc,ASRock,GPU_459188-ig800gg.jpg,https://ic.jimms.fi/product/8/1/459188-ig800gg.jpg,3840,2475 mhz,16gb gddr6,Pci express 4.0 x16,267 x 130 x 51 mm,750w
100,https://www.jimms.fi/fi/Product/Show/188165/rx7900xt-20g-e-oc/powercolor-radeon-rx-7900-xt-red-devil-naytonohjain-20gb-gddr6,1049.9,Radeon rx 7900 xt red devil,PowerColor,GPU_419071-ig800gg.jpg,https://ic.jimms.fi/product/7/8/419071-ig800gg.jpg,5376,2535 mhz (oc) / 2450 mhz (std/silent),20gb gddr6,Pcie 4.0,338 x 135 x 73 mm / 348 x 147 x 73 mm (bracketin kanssa) / 3.5 slot,850w
101,https://www.jimms.fi/fi/Product/Show/193741/gv-n4060aero-oc-8gd/gigabyte-geforce-rtx-4060-aero-oc-naytonohjain-8gb-gddr6,389.9,Geforce rtx 4060 aero oc,Gigabyte,GPU_447853-ig800gg.jpg,https://ic.jimms.fi/product/5/6/447853-ig800gg.jpg,3072,Tbd mhz (core clock),8gb gddr6,Pci-e 4.0,281 x 114 x 38 mm,450w
102,https://www.jimms.fi/fi/Product/Show/188428/vcnrtx6000ada-pb/pny-nvidia-rtx-6000-ada-generation-naytonohjain-48gb-gddr6,10781.9,Nvidia rtx 6000 ada generation,PNY,GPU_420176-ig800gg.jpg,https://ic.jimms.fi/product/7/3/420176-ig800gg.jpg,"18,176",,48 gb gddr6 with ecc,Pci express 4.0 x16,,300 w
103,https://www.jimms.fi/fi/Product/Show/193726/rtx-4060-ventus-2x-black-8g-oc/msi-geforce-rtx-4060-ventus-2x-black-oc-naytonohjain-8gb-gddr6,339.9,Geforce rtx 4060 ventus 2x black oc,MSI,GPU_448266-ig800gg.jpg,https://ic.jimms.fi/product/6/3/448266-ig800gg.jpg,3072,2490 mhz,8gb gddr6,Pci express® gen 4 x 8,199 x 120 x 41 mm,550 w
104,https://www.jimms.fi/fi/Product/Show/188178/gv-r79xtxgaming-oc-24gd/gigabyte-radeon-rx-7900-xtx-gaming-oc-naytonohjain-24gb-gddr6,1528.9,Radeon rx 7900 xtx gaming oc,Gigabyte,GPU_419142-ig800gg.jpg,https://ic.jimms.fi/product/4/7/419142-ig800gg.jpg,6144,2525 mhz,24gb gddr6,Pci-e 4.0,331 x 138 x 50 mm,850w
105,https://www.jimms.fi/fi/Product/Show/195518/proart-rtx4070-o12g/asus-geforce-rtx-4070-proart-oc-edition-naytonohjain-12gb-gddr6x,759.9,Geforce rtx 4070 proart - oc edition,Asus,GPU_458576-ig800gg.jpg,https://ic.jimms.fi/product/7/3/458576-ig800gg.jpg,5888,2535 mhz (boost clock),12gb gddr6x,Pcie 4.0,300 x 120 x 50 mm / 2.5 slot,650w
106,https://www.jimms.fi/fi/Product/Show/195455/c4090-246xx-1833fbu/inno3d-geforce-rtx-4090-ichill-frostbite-ultra-naytonohjain-24gb-gddr6x,2375.9,Geforce rtx 4090 ichill frostbite ultra,Inno3D,GPU_458133-ig800gg.jpg,https://ic.jimms.fi/product/3/6/458133-ig800gg.jpg,16384,2595 mhz,24gb gddr6x,Pci-e 4.0 x16,223 x 161 x 38 mm,1000w
107,https://www.jimms.fi/fi/Product/Show/193264/rog-strix-rx7600-o8g-gaming/asus-radeon-rx-7600-rog-strix-oc-edition-naytonohjain-8gb-gddr6,399.9,Radeon rx 7600 rog strix - oc edition,Asus,GPU_445480-ig800gg.jpg,https://ic.jimms.fi/product/8/9/445480-ig800gg.jpg,2048,2755 mhz (boost clock) /  2375 mhz (game clock),8gb gddr6,Pci-e 4.0,281 x 135 x 59 mm / 2.9 slot,550 w
108,https://www.jimms.fi/fi/Product/Show/195472/dual-rtx4060ti-16g/asus-geforce-rtx-4060-ti-dual-naytonohjain-16gb-gddr6,583.9,Geforce rtx 4060 ti dual,Asus,GPU_458239-ig800gg.jpg,https://ic.jimms.fi/product/3/0/458239-ig800gg.jpg,4352,2535 mhz,16gb gddr6,Pci express gen 4 x 8,"227,2 x 123,24 x 49,6 mm / 2.5 slot",650 w
109,https://www.jimms.fi/fi/Product/Show/195519/proart-rtx4070-12g/asus-geforce-rtx-4070-proart-naytonohjain-12gb-gddr6x,777.9,Geforce rtx 4070 proart,Asus,GPU_458589-ig800gg.jpg,https://ic.jimms.fi/product/8/0/458589-ig800gg.jpg,5888,2475 mhz (boost clock),12gb gddr6x,Pcie 4.0,300 x 120 x 50 mm / 2.5 slot,650w
110,https://www.jimms.fi/fi/Product/Show/195668/rx7800xt-pg-16go/asrock-radeon-rx-7800-xt-phantom-gaming-oc-naytonohjain-16gb-gddr6,649.9,Radeon rx 7800 xt phantom gaming oc,ASRock,GPU_459194-ig800gg.jpg,https://ic.jimms.fi/product/9/5/459194-ig800gg.jpg,3840,2565 mhz,16gb gddr6,Pci express 4.0 x16,328 x 140 x 53 mm,800w
111,https://www.jimms.fi/fi/Product/Show/188092/rx7900xt-tc-20go/asrock-radeon-rx-7900-xt-taichi-oc-naytonohjain-20gb-gddr6,959.9,Radeon rx 7900 xt taichi oc,ASRock,GPU_418739-ig800gg.jpg,https://ic.jimms.fi/product/3/0/418739-ig800gg.jpg,5376,2560 mhz,20gb gddr6,Pci express 4.0 x16,345 x 140 x 61 mm / 3-slot,800 w
112,https://www.jimms.fi/fi/Product/Show/143409/gf-gt-1030-2ghd4-lp-oc/msi-geforce-gt-1030-naytonohjain-2gb-ddr4,94.9,Geforce gt 1030,MSI,GPU_210483-ig800gg.jpg,https://ic.jimms.fi/product/8/6/210483-ig800gg.jpg,384,1189 mhz / 1430 mhz,2gb ddr4,Pci express 3.0 x16 (käyttää x4),150 x 69 x 38 mm,20w
113,https://www.jimms.fi/fi/Product/Show/187263/gv-n4080aero-oc-16gd/gigabyte-geforce-rtx-4080-aero-oc-naytonohjain-16gb-gddr6x,1519.9,Geforce rtx 4080 aero oc,Gigabyte,GPU_414368-ig800gg.jpg,https://ic.jimms.fi/product/6/1/414368-ig800gg.jpg,9728,2535 mhz (core clock),16gb gddr6x,Pci-e 4.0,342 x 150 x 75 mm,850w
114,https://www.jimms.fi/fi/Product/Show/193738/gv-n4060aorus-e-8gd/gigabyte-geforce-rtx-4060-aorus-elite-naytonohjain-8gb-gddr6,448.9,Geforce rtx 4060 aorus elite,Gigabyte,GPU_447829-ig800gg.jpg,https://ic.jimms.fi/product/2/0/447829-ig800gg.jpg,3072,2640 mhz (core clock),8gb gddr6,Pci-e 4.0,299 x 128 x 56 mm,450w
115,https://www.jimms.fi/fi/Product/Show/195342/gv-r78xtgaming-oc-16gd/gigabyte-radeon-rx-7800-xt-gaming-oc-naytonohjain-16gb-gddr6,629.9,Radeon rx 7800 xt gaming oc,Gigabyte,GPU_457388-ig800gg.jpg,https://ic.jimms.fi/product/8/1/457388-ig800gg.jpg,3840,2254 mhz,16gb gddr6,Pci-e 4.0,302 x 130 x 56 mm / 2.7 slot,700w
116,https://www.jimms.fi/fi/Product/Show/185541/geforce-rtx-4090-suprim-x-24g/msi-geforce-rtx-4090-suprim-x-naytonohjain-24gb-gddr6x,2149.9,Geforce rtx 4090 suprim x,MSI,GPU_404612-ig800gg.jpg,https://ic.jimms.fi/product/1/7/404612-ig800gg.jpg,16384,2625 mhz (gaming & silent mode),24gb gddr6x,Pci express gen 4,336 x 142 x 78 mm,1000 w
117,https://www.jimms.fi/fi/Product/Show/197016/rtx-4070-ti-suprim-12g/msi-geforce-rtx-4070-ti-suprim-naytonohjain-12gb-gddr6x,1049.9,Geforce rtx 4070 ti suprim,MSI,GPU_467187-ig800gg.jpg,https://ic.jimms.fi/product/8/2/467187-ig800gg.jpg,7680,2745 mhz (gaming & silent mode),12gb gddr6x,Pci express gen 4,338 x 142 x 73 mm,750w
118,https://www.jimms.fi/fi/Product/Show/195851/a310-lp-4g/asrock-intel-arc-a310-low-profile-naytonohjain-4gb-gddr6,145.9,Intel arc a310 low profile,ASRock,GPU_460093-ig800gg.jpg,https://ic.jimms.fi/product/9/6/460093-ig800gg.jpg,96,2000 mhz (base),4gb gddr6,Pci express 4.0 x8,169 x 69 x 39 mm / 2-slot,450w
119,https://www.jimms.fi/fi/Product/Show/130703/ph-gt1030-o2g/asus-geforce-gt-1030-oc-naytonohjain-2gb-gddr5,112.9,Geforce gt 1030 oc,Asus,GPU_167068-ig800gg.jpg,https://ic.jimms.fi/product/6/1/167068-ig800gg.jpg,384,Oc mode: 1278 mhz,2gb gddr5,Pci express 3.0,"18,4 x 11,1 x 3,6 cm",
120,https://www.jimms.fi/fi/Product/Show/195846/100-300000078/amd-radeon-pro-w7500-naytonohjain-8gb-gddr6,557.9,Radeon pro w7500,AMD,GPU_460027-ig800gg.jpg,https://ic.jimms.fi/product/2/2/460027-ig800gg.jpg,,,8 gb,Pcie 4.0 x8,216 mm,70 w peak
121,https://www.jimms.fi/fi/Product/Show/187920/11323-02/sapphire-radeon-rx-7900-xt-pulse-naytonohjain-20gb-gddr6,942.9,Radeon rx 7900 xt pulse,Sapphire,GPU_418208-ig800gg.jpg,https://ic.jimms.fi/product/0/1/418208-ig800gg.jpg,5376,2450 mhz,20 480 mb,X16 pcie 4.0,"313 x 133,75 x 52,67 mm / 2.7 slot",800 W
122,https://www.jimms.fi/fi/Product/Show/188138/rog-strix-rtx4080-o16g-white/asus-geforce-rtx-4080-rog-strix-white-oc-edition-naytonohjain-16gb-gddr6x,1729.9,Geforce rtx 4080 rog strix white - oc edition,Asus,GPU_419801-ig800gg.jpg,https://ic.jimms.fi/product/0/8/419801-ig800gg.jpg,9728,2655 mhz (boost clock),16gb gddr6x,Pcie 4.0,"357,6 x 149,3 x 70,1 mm / 3,5 slot",750w
123,https://www.jimms.fi/fi/Product/Show/186188/rtx-4080-16gb-gaming-x-trio/msi-geforce-rtx-4080-gaming-x-trio-naytonohjain-16gb-gddr6x,1493.9,Geforce rtx 4080 gaming x trio,MSI,GPU_412697-ig800gg.jpg,https://ic.jimms.fi/product/9/2/412697-ig800gg.jpg,9728,2595 mhz (gaming & silent mode),16gb gddr6x,Pci express gen 4,337 x 140 x 67 mm,850w (minimi 750w)
124,https://www.jimms.fi/fi/Product/Show/190880/rx6650xt-cld-8go/asrock-radeon-rx-6650-xt-challenger-d-oc-naytonohjain-8gb-gddr6,269.9,Radeon rx 6650 xt challenger d oc,ASRock,GPU_432242-ig800gg.jpg,https://ic.jimms.fi/product/4/7/432242-ig800gg.jpg,2048,2669 mhz,8gb gddr6,Pci express 4.0,269 x 132 x 41 mm,550 w
125,https://www.jimms.fi/fi/Product/Show/179611/gv-r66eagle-8gd/gigabyte-radeon-rx-6600-eagle-naytonohjain-8gb-gddr6,229.9,Radeon rx 6600 eagle,Gigabyte,GPU_372973-ig800gg.jpg,https://ic.jimms.fi/product/7/6/372973-ig800gg.jpg,1792,2491 mhz,8gb gddr6,Pcie 4.0 x 8,282 x 113 x 41 mm,500w
126,https://www.jimms.fi/fi/Product/Show/185563/gv-n4090aorus-m-24gd/gigabyte-geforce-rtx-4090-aorus-master-naytonohjain-24gb-gddr6x,2199.9,Geforce rtx 4090 aorus master,Gigabyte,GPU_404783-ig800gg.jpg,https://ic.jimms.fi/product/8/6/404783-ig800gg.jpg,16384,2550 mhz,24gb gddr6x,Pci-e 4.0,"358,5 x 162,8 x 75,1 mm",1000w
127,https://www.jimms.fi/fi/Product/Show/187401/48nzm6md6lsk/kfa2-geforce-rtx-4080-sg-1-click-oc-naytonohjain-16gb-gddr6x,1379.9,Geforce rtx 4080 sg (1-click oc),KFA2,GPU_417431-ig800gg.jpg,https://ic.jimms.fi/product/3/8/417431-ig800gg.jpg,9728,2565 mhz (boost) / 2580 mhz (1-click oc),16gb gddr6x,Pcie 4.0,Kiinnitysraudalla: 352 x 153 x 66 mm,750w
128,https://www.jimms.fi/fi/Product/Show/186254/a750-cld-8go/asrock-intel-arc-a750-challenger-d-oc-naytonohjain-8gb-gddr6,286.9,Intel arc a750 challenger d oc,ASRock,GPU_408980-ig800gg.jpg,https://ic.jimms.fi/product/8/9/408980-ig800gg.jpg,448,2200 mhz,8gb gddr6,Pci express 4.0 x16,271 x 132 x 48 mm / 2.4-slot,650w
129,https://www.jimms.fi/fi/Product/Show/186472/100-506157/amd-radeon-pro-w6800-naytonohjain-32gb-gddr6,1700.9,Radeon pro w6800,AMD,GPU_410116-ig800gg.jpg,https://ic.jimms.fi/product/1/3/410116-ig800gg.jpg,3840,,32gb gddr6,Pcie 4.0 x16,267 mm,
130,https://www.jimms.fi/fi/Product/Show/185272/100-506189/amd-radeon-pro-w6400-naytonohjain-4gb-gddr6,278.9,Radeon pro w6400,AMD,GPU_403337-ig800gg.jpg,https://ic.jimms.fi/product/3/2/403337-ig800gg.jpg,768,,4gb gddr6,Pcie 4.0 x4,168 mm,
131,https://www.jimms.fi/fi/Product/Show/155661/dual-gtx1660s-6g-evo/asus-geforce-gtx-1660-super-dual-evo-naytonohjain-6gb-gddr6,396.9,Geforce gtx 1660 super - dual evo,Asus,GPU_260312-ig800gg.jpg,https://ic.jimms.fi/product/1/7/260312-ig800gg.jpg,1408,Oc mode: 1815 mhz (boost),6gb gddr6,Pci-e 3.0 x16,"24,2 x 13,0 x 5,3 cm / 2.7 slot",450w
132,https://www.jimms.fi/fi/Product/Show/193040/gv-n406teagle-8gd/gigabyte-geforce-rtx-4060-ti-eagle-naytonohjain-8gb-gddr6,479.9,Geforce rtx 4060 ti eagle,Gigabyte,GPU_444885-ig800gg.jpg,https://ic.jimms.fi/product/8/4/444885-ig800gg.jpg,4352,2535 mhz (core clock),8gb gddr6,Pci-e 4.0,272 x 115 x 41 mm,500w
133,https://www.jimms.fi/fi/Product/Show/188177/gv-r79xtgaming-oc-20gd/gigabyte-radeon-rx-7900-xt-gaming-oc-naytonohjain-20gb-gddr6,1087.9,Radeon rx 7900 xt gaming oc,Gigabyte,GPU_419134-ig800gg.jpg,https://ic.jimms.fi/product/3/5/419134-ig800gg.jpg,5376,2535 mhz,20gb gddr6,Pci-e 4.0,331 x 138 x 50 mm,800w
134,https://www.jimms.fi/fi/Product/Show/185542/rtx-4090-gaming-x-trio-24g/msi-geforce-rtx-4090-gaming-x-trio-naytonohjain-24gb-gddr6x,1999.9,Geforce rtx 4090 gaming x trio,MSI,GPU_404625-ig800gg.jpg,https://ic.jimms.fi/product/2/4/404625-ig800gg.jpg,16384,2595 mhz (gaming & silent mode),24gb gddr6x,Pci express gen 4,337 x 140 x 77 mm,850 w
135,https://www.jimms.fi/fi/Product/Show/177045/vcnrtxa2000-sb/pny-nvidia-rtx-a2000-naytonohjain-6gb-gddr6-4x-mdp,647.9,Nvidia rtx a2000,PNY,GPU_360274-ig800gg.jpg,https://ic.jimms.fi/product/7/5/360274-ig800gg.jpg,3328,,6 gb,Pci express 4.0 x16,,70 w
136,https://www.jimms.fi/fi/Product/Show/194333/rtx-4060-ti-gaming-x-16g/msi-geforce-rtx-4060-ti-gaming-x-naytonohjain-16gb-gddr6,569.9,Geforce rtx 4060 ti gaming x,MSI,GPU_451345-ig800gg.jpg,https://ic.jimms.fi/product/4/4/451345-ig800gg.jpg,4352,2640 mhz,16gb gddr6,Pci express gen 4 x16 (uses x8),247 x 130 x 42 mm,550 w
137,https://www.jimms.fi/fi/Product/Show/193041/gv-r76gaming-oc-8gd/gigabyte-radeon-rx-7600-gaming-oc-naytonohjain-8gb-gddr6,339.9,Radeon rx 7600 gaming oc,Gigabyte,GPU_445433-ig800gg.jpg,https://ic.jimms.fi/product/3/6/445433-ig800gg.jpg,2048,2755 mhz,8gb gddr6,Pci-e 4.0,282 x 115 x 50 mm,550w
138,https://www.jimms.fi/fi/Product/Show/197015/rtx-4070-gaming-slim-white-12g/msi-geforce-rtx-4070-gaming-slim-white-naytonohjain-12gb-gddr6x,789.9,Geforce rtx 4070 gaming slim white,MSI,GPU_467178-ig800gg.jpg,https://ic.jimms.fi/product/7/1/467178-ig800gg.jpg,5888,2475 mhz,12gb gddr6x,Pci express gen 4,307 x 125 x 46 mm,650w
139,https://www.jimms.fi/fi/Product/Show/176229/axrx-6600-8gbd6-3dh/powercolor-radeon-rx-6600-fighter-naytonohjain-8gb-gddr6,224.9,Radeon rx 6600 fighter,PowerColor,GPU_356396-ig800gg.jpg,https://ic.jimms.fi/product/9/3/356396-ig800gg.jpg,1792,2491 mhz,8gb gddr6,Pcie 4.0,200 x 111 x 39 mm / 2 slot,500W
140,https://www.jimms.fi/fi/Product/Show/193262/100-300000075/amd-radeon-pro-w7800-naytonohjain-32gb-gddr6,3035.9,Radeon pro w7800,AMD,GPU_445118-ig800gg.jpg,https://ic.jimms.fi/product/1/1/445118-ig800gg.jpg,4480,,32 gb gddr6,"Pci express 4.0 ready (x16), 3.0 taaksepäin yhteensopiva","279,4 x 98,4 x 34,3 mm / full height, double-slot",650 w
141,https://www.jimms.fi/fi/Product/Show/195845/100-300000077/amd-radeon-pro-w7600-naytonohjain-8gb-gddr6,772.9,Radeon pro w7600,AMD,GPU_460026-ig800gg.jpg,https://ic.jimms.fi/product/2/3/460026-ig800gg.jpg,,,8 gb,Pcie 4.0 x8,241 mm,130 w peak
142,https://www.jimms.fi/fi/Product/Show/193182/rx-7600-mech-2x-classic-8g-oc/msi-radeon-rx-7600-mech-2x-classic-oc-naytonohjain-8gb-gddr6,343.9,Radeon rx 7600 mech 2x classic oc,MSI,GPU_445453-ig800gg.jpg,https://ic.jimms.fi/product/5/6/445453-ig800gg.jpg,2048,2695 mhz,8gb gddr6,Pci express gen 4,235 x 125 x 47 mm,Tbd w
143,https://www.jimms.fi/fi/Product/Show/182310/dual-rx6650xt-o8g/asus-radeon-rx-6650-xt-dual-oc-edition-naytonohjain-8gb-gddr6,299.9,Radeon rx 6650 xt dual - oc edition,Asus,GPU_387910-ig800gg.jpg,https://ic.jimms.fi/product/1/9/387910-ig800gg.jpg,2048,2689 mhz (boost clock) /  2467 mhz (game clock),8gb gddr6,Pcie 4.0,243 x 134 x 49 mm / 2.5 slot,650w
144,https://www.jimms.fi/fi/Product/Show/195079/rx7700xt-12gb-e-oc/powercolor-radeon-rx-7700-xt-red-devil-naytonohjain-12gb-gddr6,579.9,Radeon rx 7700 xt red devil,PowerColor,GPU_457694-ig800gg.jpg,https://ic.jimms.fi/product/9/5/457694-ig800gg.jpg,3456,2599 mhz (oc) / 2584 mhz (silent),12gb gddr6,Pcie 4.0,332 x 135 x 52 mm / 345 x 151 x 52 mm (bracketin kanssa) / 2.5 slot,800w
145,https://www.jimms.fi/fi/Product/Show/188293/gv-n4090aorusx-w-24gd/gigabyte-geforce-rtx-4090-xtreme-waterforce-naytonohjain-24gb-gddr6x,2249.9,Geforce rtx 4090 xtreme waterforce,Gigabyte,GPU_419653-ig800gg.jpg,https://ic.jimms.fi/product/5/6/419653-ig800gg.jpg,16384,2565 mhz,24gb gddr6x,Pci-e 4.0,238 x 141 x 40 mm,1000w
146,https://www.jimms.fi/fi/Product/Show/186228/tuf-rtx4080-o16g-gaming/asus-geforce-rtx-4080-tuf-gaming-oc-edition-naytonohjain-16gb-gddr6x,1469.9,Geforce rtx 4080 tuf gaming - oc edition,Asus,GPU_408863-ig800gg.jpg,https://ic.jimms.fi/product/6/6/408863-ig800gg.jpg,9728,2625 mhz (boost clock),16gb gddr6x,Pcie 4.0,"348,2 x 150 x 72,6 mm / 3,65 slot",750w
147,https://www.jimms.fi/fi/Product/Show/194760/rtx-4070-gaming-x-slim-12g/msi-geforce-rtx-4070-gaming-x-slim-naytonohjain-12gb-gddr6x,789.9,Geforce rtx 4070 gaming x slim,MSI,GPU_455922-ig800gg.jpg,https://ic.jimms.fi/product/2/7/455922-ig800gg.jpg,5888,2610 mhz,12gb gddr6x,Pcie 4.0,307 x 125 x 46 mm,650w
148,https://www.jimms.fi/fi/Product/Show/195794/vcnrtx5000ada-pb/pny-nvidia-rtx-5000-ada-generation-naytonohjain-32gb-gddr6,6414,Nvidia rtx 5000 ada generation,PNY,GPU_459848-ig800gg.jpg,https://ic.jimms.fi/product/4/1/459848-ig800gg.jpg,"12,800",,,,,
149,https://www.jimms.fi/fi/Product/Show/196910/rtx-4060-ti-gaming-x-slim-8g/msi-geforce-rtx-4060-ti-gaming-x-slim-naytonohjain-8gb-gddr6,569.9,Geforce rtx 4060 ti gaming x slim,MSI,GPU_466464-ig800gg.jpg,https://ic.jimms.fi/product/6/5/466464-ig800gg.jpg,4352,2670 mhz,8gb gddr6,Pci express gen 4 x 8,307 x 125 x 46 mm,750w
150,https://www.jimms.fi/fi/Product/Show/186229/tuf-rtx4080-16g-gaming/asus-geforce-rtx-4080-tuf-gaming-naytonohjain-16gb-gddr6x,1439.9,Geforce rtx 4080 tuf gaming,Asus,GPU_408869-ig800gg.jpg,https://ic.jimms.fi/product/6/0/408869-ig800gg.jpg,9728,2535 mhz (boost clock),16gb gddr6x,Pcie 4.0,"348,2 x 150 x 72,6 mm / 3,65 slot",750w
151,https://www.jimms.fi/fi/Product/Show/186470/100-506159/amd-radeon-pro-w6600-naytonohjain-8gb-gddr6,436.9,Radeon pro w6600,AMD,GPU_410100-ig800gg.jpg,https://ic.jimms.fi/product/0/9/410100-ig800gg.jpg,1792,,8gb gddr6,Pcie 4.0 x8,241 mm,
152,https://www.jimms.fi/fi/Product/Show/186289/vcnrtxa2000-12gb-pb/pny-nvidia-rtx-a2000-naytonohjain-12gb-gddr6,723.9,Nvidia rtx a2000,PNY,GPU_409110-ig800gg.jpg,https://ic.jimms.fi/product/1/9/409110-ig800gg.jpg,3328,,12 gb,Pci express 4.0 x16,,70 watt
153,https://www.jimms.fi/fi/Product/Show/187264/gv-n4080gaming-oc-16gd/gigabyte-geforce-rtx-4080-gaming-oc-naytonohjain-16gb-gddr6x,1489.9,Geforce rtx 4080 gaming oc,Gigabyte,GPU_414377-ig800gg.jpg,https://ic.jimms.fi/product/7/2/414377-ig800gg.jpg,9728,2535 mhz (core clock),16gb gddr6x,Pci-e 4.0,342 x 150 x 75 mm,850w
154,https://www.jimms.fi/fi/Product/Show/195470/gv-n4060oc-8gl/gigabyte-geforce-rtx-4060-oc-low-profile-naytonohjain-8gb-gddr6,394.9,Geforce rtx 4060 oc low profile,Gigabyte,GPU_458220-ig800gg.jpg,https://ic.jimms.fi/product/2/9/458220-ig800gg.jpg,3072,2475 mhz (core clock),8gb gddr6,Pci-e 4.0,182 x 69 x 40 mm,450w
155,https://www.jimms.fi/fi/Product/Show/191848/47nom7md7kwk/kfa2-geforce-rtx-4070-ex-gamer-white-naytonohjain-12gb-gddr6x,699.9,Geforce rtx 4070 ex gamer white,KFA2,GPU_438521-ig800gg.jpg,https://ic.jimms.fi/product/2/8/438521-ig800gg.jpg,5888,2535 mhz,12gb gddr6x,Pci-e 4.0,336 x 146 x 48 mm (bracketin kanssa) / 323 x 131 x 48 mm (ilman brackettia),600 w
156,https://www.jimms.fi/fi/Product/Show/195080/rx7700xt-12gb-l-oc/powercolor-radeon-rx-7700-xt-hellhound-naytonohjain-12gb-gddr6,549.9,Radeon rx 7700 xt hellhound,PowerColor,GPU_459387-ig800gg.jpg,https://ic.jimms.fi/product/8/2/459387-ig800gg.jpg,3456,2599 mhz (oc) / 2584 mhz (silent),12gb gddr6,Pcie 4.0,322 x 134 x 50 mm / 332 x 147 x 50 mm (bracketin kanssa) / 2.5 slot,750w
157,https://www.jimms.fi/fi/Product/Show/196081/rx7600-sl-8go/asrock-radeon-rx-7600-steel-legend-oc-naytonohjain-8gb-gddr6,368.9,Radeon rx 7600 steel legend oc,ASRock,GPU_461382-ig800gg.jpg,https://ic.jimms.fi/product/8/7/461382-ig800gg.jpg,2048,2725 mhz,8gb gddr6,Pci express 4.0,303 x 131 x 45 mm / 2.25 slot,600w
158,https://www.jimms.fi/fi/Product/Show/193272/dual-rtx4060ti-o8g-white/asus-geforce-rtx-4060-ti-dual-white-oc-edition-naytonohjain-8gb-gddr6,499.9,Geforce rtx 4060 ti dual white - oc edition,Asus,GPU_445182-ig800gg.jpg,https://ic.jimms.fi/product/8/7/445182-ig800gg.jpg,4352,2565 mhz (boost),8gb gddr6,Pci express 4.0,"227,2 x 123,24 x 49,6 mm / 2.5 slot",650w
159,https://www.jimms.fi/fi/Product/Show/185130/gv-n4090gaming-oc-24gd/gigabyte-geforce-rtx-4090-gaming-oc-naytonohjain-24gb-gddr6x,2099.9,Geforce rtx 4090 gaming oc,Gigabyte,GPU_404771-ig800gg.jpg,https://ic.jimms.fi/product/7/8/404771-ig800gg.jpg,16384,2535 mhz,24gb gddr6x,Pci-e 4.0,"340 x 150,2 x 75,2 mm",1000w
160,https://www.jimms.fi/fi/Product/Show/42965/d2g-a2d-if/matrox-matrox-dualhead2go-digitaalinen-adapteri-1xhd15-2xdvi-i,299.9,Matrox dualhead2go digitaalinen adapteri 1xhd15 > 2xdvi-i,Matrox,GPU_33918-ig800gg.jpg,https://ic.jimms.fi/product/1/1/33918-ig800gg.jpg,,,,,113x140x28 mm.,
161,https://www.jimms.fi/fi/Product/Show/187729/tuf-rtx4070ti-12g-gaming/asus-geforce-rtx-4070-ti-tuf-gaming-naytonohjain-12gb-gddr6x,969.9,Geforce rtx 4070 ti tuf gaming,Asus,GPU_422031-ig800gg.jpg,https://ic.jimms.fi/product/3/8/422031-ig800gg.jpg,7680,2610 mhz (boost clock),12gb gddr6x,Pcie 4.0,305 x 138 x 65 mm / 3.25 slot,750w
162,https://www.jimms.fi/fi/Product/Show/174622/vcnrtxa5000-pb/pny-rtx-a5000-naytonohjain-24gb-gddr6-4x-dp,3027.9,Rtx a5000,PNY,GPU_384970-ig800gg.jpg,https://ic.jimms.fi/product/7/9/384970-ig800gg.jpg,8192,,24 gb,Pci express 4.0 x16,"26,67 cm",230 w
163,https://www.jimms.fi/fi/Product/Show/181766/vcnrtxa4500-pb/pny-rtx-a4500-naytonohjain-20gb-gddr6-4x-dp,2049.9,Rtx a4500,PNY,GPU_384990-ig800gg.jpg,https://ic.jimms.fi/product/9/9/384990-ig800gg.jpg,7168,,20 gb,Pci express 4.0 x16,"26,67 cm",200 w
164,https://www.jimms.fi/fi/Product/Show/194332/rtx-4060-ti-gaming-x-slim-16g/msi-geforce-rtx-4060-ti-gaming-x-slim-naytonohjain-16gb-gddr6,589.9,Geforce rtx 4060 ti gaming x slim,MSI,GPU_451336-ig800gg.jpg,https://ic.jimms.fi/product/3/3/451336-ig800gg.jpg,4352,2670 mhz,16gb gddr6,Pci express gen 4 x 8,307 x 125 x 46 mm,550 w
165,https://www.jimms.fi/fi/Product/Show/195670/11330-02-20g/sapphire-radeon-rx-7800-xt-pulse-naytonohjain-16gb-gddr6,623.9,Radeon rx 7800 xt pulse,Sapphire,GPU_459206-ig800gg.jpg,https://ic.jimms.fi/product/0/3/459206-ig800gg.jpg,3840,2430 mhz,16gb gddr6,Pci-express 4.0 x16,"280 x 128,75 x 52,57 mm / 2.5 slot",700 W
166,https://www.jimms.fi/fi/Product/Show/195787/rtx4080-16gb-gamingx-slimwhite/msi-geforce-rtx-4080-gaming-x-slim-white-naytonohjain-16gb-gddr6x,1449.9,Geforce rtx 4080 gaming x slim white,MSI,GPU_459780-ig800gg.jpg,https://ic.jimms.fi/product/8/9/459780-ig800gg.jpg,9728,2595 mhz (gaming & silent mode),16gb gddr6x,Pci express gen 4,322 x 136 x 62 mm,850w (minimi 750w)
167,https://www.jimms.fi/fi/Product/Show/197094/rx7800xt-16g-l-oc-white/powercolor-radeon-rx-7800-xt-hellhound-spectral-white-naytonohjain-16gb-gddr6,639.9,Radeon rx 7800 xt hellhound spectral white,PowerColor,GPU_467684-ig800gg.jpg,https://ic.jimms.fi/product/8/5/467684-ig800gg.jpg,3840,2520 mhz (oc) / 2430 mhz (silent),16gb gddr6,Pcie 4.0,322 x 134 x 50 mm / 332 x 147 x 50 mm (bracketin kanssa) / 2.5 slot,750w
168,https://www.jimms.fi/fi/Product/Show/191401/gv-n4070aours-m-12gd/gigabyte-geforce-rtx-4070-aorus-master-naytonohjain-12gb-gddr6x,847.9,Geforce rtx 4070 aorus master,Gigabyte,GPU_438167-ig800gg.jpg,https://ic.jimms.fi/product/6/2/438167-ig800gg.jpg,5888,2595 mhz,12gb gddr6x,Pcie 4.0,342 x 154 x 71 mm / 3.5 slot,700w
169,https://www.jimms.fi/fi/Product/Show/137159/gt1030-2g-brk/asus-geforce-gt-1030-naytonohjain-2gb-gddr5,95.9,Geforce gt 1030,Asus,GPU_185892-ig800gg.jpg,https://ic.jimms.fi/product/9/7/185892-ig800gg.jpg,384,Oc mode (base / boost): 1266 mhz / 1506 mhz,2gb gddr5,Pci express x16 3.0,"16,9 x 6,9 x 2,1 cm",
170,https://www.jimms.fi/fi/Product/Show/192677/dual-rtx4070-o12g-white/asus-geforce-rtx-4070-dual-white-oc-edition-naytonohjain-12gb-gddr6x,709.9,Geforce rtx 4070 dual white - oc edition,Asus,GPU_442805-ig800gg.jpg,https://ic.jimms.fi/product/0/4/442805-ig800gg.jpg,5888,2550 mhz (boost clock),12gb gddr6x,Pcie 4.0,269 x 135 x 52 mm / 2.55 slot,650w
171,https://www.jimms.fi/fi/Product/Show/188089/rx7900xtx-tc-24go/asrock-radeon-rx-7900-xtx-taichi-oc-naytonohjain-24gb-gddr6,1139.9,Radeon rx 7900 xtx taichi oc,ASRock,GPU_418723-ig800gg.jpg,https://ic.jimms.fi/product/2/6/418723-ig800gg.jpg,6144,2680 mhz,24gb gddr6,Pci express 4.0 x16,345 x 140 x 61 mm / 3-slot,1000 w
172,https://www.jimms.fi/fi/Product/Show/193467/gv-n407twf3oc-12gd/gigabyte-geforce-rtx-4070-ti-windforce-oc-naytonohjain-12gb-gddr6x,929.9,Geforce rtx 4070 ti windforce oc,Gigabyte,GPU_446303-ig800gg.jpg,https://ic.jimms.fi/product/0/6/446303-ig800gg.jpg,7680,2625 mhz,12gb gddr6x,Pci-e 4.0,261 x 126 x 50 mm,750w
173,https://www.jimms.fi/fi/Product/Show/184835/20x22aa/hp-nvidia-quadro-t1000-naytonohjain-4gb-gddr6,451.9,Nvidia quadro t1000,HP,GPU_401074-ig800gg.jpg,https://ic.jimms.fi/product/7/5/401074-ig800gg.jpg,,,4 gb,Pci express 3.0 x16,,50 watti(a)
174,https://www.jimms.fi/fi/Product/Show/196820/gv-n4080aorusx-w-16gd/gigabyte-geforce-rtx-4080-aorus-xtreme-waterforce-naytonohjain-16gb-gddr6x,1768.9,Geforce rtx 4080 aorus xtreme waterforce,Gigabyte,GPU_465893-ig800gg.jpg,https://ic.jimms.fi/product/9/6/465893-ig800gg.jpg,9728,2565 mhz (core clock),16gb gddr6x,Pci-e 4.0,236 x 146 x 40 mm,850w
175,https://www.jimms.fi/fi/Product/Show/194750/46isl8md8bwk/kfa2-geforce-rtx-4060-ti-ex-white-1-click-oc-naytonohjain-8gb-gddr6,469.9,Geforce rtx 4060 ti ex white 1-click oc,KFA2,GPU_454157-ig800gg.jpg,https://ic.jimms.fi/product/5/2/454157-ig800gg.jpg,4352,2640 mhz,8gb gddr6,Pci-e 4.0,264 x 145 x 41 mm (bracketin kanssa) / 251 x 130 x 40 mm (ilman brackettia),550 w
176,https://www.jimms.fi/fi/Product/Show/196781/gv-n407taorusx-wb-12gd/gigabyte-geforce-rtx-4070-ti-aorus-xtreme-waterforce-wb-naytonohjain-12gb-gddr6x,1179.9,Geforce rtx 4070 ti aorus xtreme waterforce wb,Gigabyte,GPU_465571-ig800gg.jpg,https://ic.jimms.fi/product/7/8/465571-ig800gg.jpg,7680,2700 mhz (core clock),12gb gddr6x,Pci-e 4.0,252 x 163 x 29 mm,750w
177,https://www.jimms.fi/fi/Product/Show/194807/rtx-4070-ti-gaming-x-slim-12g/msi-geforce-rtx-4070-ti-gaming-x-slim-naytonohjain-12gb-gddr6x,1067.9,Geforce rtx 4070 ti gaming x slim,MSI,GPU_454459-ig800gg.jpg,https://ic.jimms.fi/product/5/0/454459-ig800gg.jpg,7680,2730 mhz,12gb gddr6x,Pci express gen 4,307 x 125 x 51 mm,700w
178,https://www.jimms.fi/fi/Product/Show/195473/dual-gtx1650-o4gd6-p-evo/asus-geforce-gtx-1650-dual-evo-oc-edition-naytonohjain-4gb-gddr6,210.9,Geforce gtx 1650 dual evo - oc edition,Asus,GPU_458261-ig800gg.jpg,https://ic.jimms.fi/product/6/8/458261-ig800gg.jpg,896,Oc mode: 1785 mhz (boost clock),4gb gddr6,Pci express 3.0 x16,"21,2 x 12,1 x 4 cm / 2 slot",300w
179,https://www.jimms.fi/fi/Product/Show/186878/dual-rtx3060-o8g/asus-geforce-rtx-3060-dual-oc-edition-naytonohjain-8gb-gddr6,339,Geforce rtx 3060 dual - oc edition,Asus,GPU_412065-ig800gg.jpg,https://ic.jimms.fi/product/6/4/412065-ig800gg.jpg,3584,1867 mhz (boost clock),8gb gddr6,Pci-e 4.0,200 x 123 x 38 mm / 2-slot,650w
180,https://www.jimms.fi/fi/Product/Show/188118/rog-strix-rtx4090-o24g-white/asus-geforce-rtx-4090-rog-strix-white-oc-edition-naytonohjain-24gb-gddr6x,2401.9,Geforce rtx 4090 rog strix white - oc edition,Asus,GPU_419790-ig800gg.jpg,https://ic.jimms.fi/product/9/9/419790-ig800gg.jpg,16384,2640 mhz (boost clock),24gb gddr6x,Pcie 4.0,"357,6 x 149,3x 70,1mm / 3.5 slot",1000w
181,https://www.jimms.fi/fi/Product/Show/197355/11314-04-20g/sapphire-radeon-rx-6500-xt-itx-pure-naytonohjain-4gb-gddr6,249,Radeon rx 6500 xt itx pure,Sapphire,GPU_469272-ig800gg.jpg,https://ic.jimms.fi/product/7/7/469272-ig800gg.jpg,1024,2825 mhz,4gb gddr6,Pci-express 4.0 x4,"152,4 x 110,4 x 36,07 mm / 2 slot",400 W
182,https://www.jimms.fi/fi/Product/Show/193043/rx7600-8g-f/powercolor-radeon-rx-7600-fighter-naytonohjain-8gb-gddr6,309.9,Radeon rx 7600 fighter,PowerColor,GPU_445455-ig800gg.jpg,https://ic.jimms.fi/product/5/4/445455-ig800gg.jpg,2048,Game 2250 mhz; boost 2655 mhz,8gb gddr6,Pcie 4.0 x8,200 x 111 x 39 mm /  212 x 129 x 39 mm (bracketin kanssa) /  2 slot,550w
183,https://www.jimms.fi/fi/Product/Show/194181/gv-n406twf2oc-8gd/gigabyte-geforce-rtx-4060-ti-windforce-oc-naytonohjain-8gb-gddr6,449.9,Geforce rtx 4060 ti windforce oc,Gigabyte,GPU_450376-ig800gg.jpg,https://ic.jimms.fi/product/7/3/450376-ig800gg.jpg,4352,2550 mhz (core clock),8gb gddr6,Pci-e 4.0,201 x 120 x 41 mm,500w
184,https://www.jimms.fi/fi/Product/Show/195520/proart-rtx4060ti-a16g/asus-geforce-rtx-4060-ti-proart-advanced-edition-naytonohjain-16gb-gddr6,625.9,Geforce rtx 4060 ti proart - advanced edition,Asus,GPU_458603-ig800gg.jpg,https://ic.jimms.fi/product/0/6/458603-ig800gg.jpg,4352,2550 mhz (boost clock),16gb gddr6,Pcie 4.0,300 x 120 x 50 mm / 2.5 slot,650w
185,https://www.jimms.fi/fi/Product/Show/195270/vcnrtx4000ada-pb/pny-nvidia-rtx-4000-ada-generation-naytonohjain-20gb-gddr6,2070.9,Nvidia rtx 4000 ada generation,PNY,GPU_456867-ig800gg.jpg,https://ic.jimms.fi/product/6/2/456867-ig800gg.jpg,"6,144",,,,,
186,https://www.jimms.fi/fi/Product/Show/193277/tuf-rtx4090-o24g-og-gaming/asus-geforce-rtx-4090-tuf-gaming-og-oc-edition-naytonohjain-24gb-gddr6x,2049.9,Geforce rtx 4090 tuf gaming og - oc edition,Asus,GPU_445242-ig800gg.jpg,https://ic.jimms.fi/product/4/7/445242-ig800gg.jpg,16384,2565 mhz,24gb gddr6x,Pci-e 4.0,"325,9 x 140,2 x 62,8 mm / 3.2 slot",850w
187,https://www.jimms.fi/fi/Product/Show/187918/11323-01/sapphire-radeon-rx-7900-xt-nitro-vapor-x-naytonohjain-20gb-gddr6,1012.9,Radeon rx 7900 xt nitro+ vapor-x,Sapphire,GPU_418192-ig800gg.jpg,https://ic.jimms.fi/product/9/7/418192-ig800gg.jpg,5376,2560 mhz,20 480 mb,X16 pcie 4.0,"320 x 135,75 x 71,6 mm / 3.5 slot",750 W
188,https://www.jimms.fi/fi/Product/Show/188164/rx7900xtx-24g-l-oc/powercolor-radeon-rx-7900-xtx-hellhound-naytonohjain-24gb-gddr6,1362.9,Radeon rx 7900 xtx hellhound,PowerColor,GPU_419065-ig800gg.jpg,https://ic.jimms.fi/product/6/4/419065-ig800gg.jpg,6144,2525 mhz (oc) / 2500 mhz (std/silent),24gb gddr6,Pcie 4.0,"320 x 118,5 x 62 mm / 338 x 147 x 62 mm (bracketin kanssa) / 3 slot",800w
189,https://www.jimms.fi/fi/Product/Show/196083/a770-pg-16go/asrock-intel-arc-a770-phantom-gaming-oc-naytonohjain-16gb-gddr6,391.9,Intel arc a770 phantom gaming oc,ASRock,GPU_461396-ig800gg.jpg,https://ic.jimms.fi/product/9/3/461396-ig800gg.jpg,512,2200 mhz,16gb gddr6,Pci express 4.0 x16,305 x 131 x 56 mm / 2.8-slot,700w
190,https://www.jimms.fi/fi/Product/Show/197061/zt-a30500r-10l/zotac-geforce-rtx-3050-eco-solo-naytonohjain-8gb-gddr6,281.9,Geforce rtx 3050 eco solo,Zotac,GPU_467495-ig800gg.jpg,https://ic.jimms.fi/product/9/4/467495-ig800gg.jpg,2560,1777 mhz (boost),8gb gddr6,Pci express 4.0 x8,"150,8 x 115,1 x 39,2 mm / dual slot",450w
191,https://www.jimms.fi/fi/Product/Show/194744/46nsl8md8nwk/kfa2-geforce-rtx-4060-ex-white-1-click-oc-naytonohjain-8gb-gddr6,349.9,Geforce rtx 4060 ex white 1-click oc,KFA2,GPU_454121-ig800gg.jpg,https://ic.jimms.fi/product/2/8/454121-ig800gg.jpg,3072,2565 mhz,8gb gddr6,Pci-e 4.0,264 x 145 x 41 mm (bracketin kanssa) / 251 x 130 x 40 mm (ilman brackettia),550 w
192,https://www.jimms.fi/fi/Product/Show/193023/rtx-4060-ti-ventus-2xblack8goc/msi-geforce-rtx-4060-ti-ventus-2x-black-oc-naytonohjain-8gb-gddr6,459.9,Geforce rtx 4060 ti ventus 2x black oc,MSI,GPU_444920-ig800gg.jpg,https://ic.jimms.fi/product/2/9/444920-ig800gg.jpg,4352,,8gb gddr6,Pci express® gen 4 x16 (uses x8),199 x 120 x 42 mm,Tbd
193,https://www.jimms.fi/fi/Product/Show/193743/gv-n4060wf2oc-8gd/gigabyte-geforce-rtx-4060-windforce-oc-naytonohjain-8gb-gddr6,339.9,Geforce rtx 4060 windforce oc,Gigabyte,GPU_447867-ig800gg.jpg,https://ic.jimms.fi/product/6/2/447867-ig800gg.jpg,3072,2475 mhz (core clock),8gb gddr6,Pci-e 4.0,192 x 120 x 41 mm,450w
194,https://www.jimms.fi/fi/Product/Show/185137/340k8aa/hp-nvidia-t400-naytonohjain-2gb-gddr6,247.9,Nvidia t400,HP,GPU_402616-ig800gg.jpg,https://ic.jimms.fi/product/1/3/402616-ig800gg.jpg,384,,2 gb,Pci express 3.0 x16,,30 watti(a)
195,https://www.jimms.fi/fi/Product/Show/178698/11314-01-20g/sapphire-radeon-rx-6500-xt-pulse-naytonohjain-4gb-gddr6,221.9,Radeon rx 6500 xt pulse,Sapphire,GPU_425263-ig800gg.jpg,https://ic.jimms.fi/product/6/6/425263-ig800gg.jpg,1024,2825 mhz,4gb gddr6,Pci express 4.0,"194 x 120 x 39,8 mm / 2 slot",400w
196,https://www.jimms.fi/fi/Product/Show/194752/46izl8md8yek/kfa2-geforce-rtx-4060-ti-ex-1-click-oc-naytonohjain-16gb-gddr6,529.9,Geforce rtx 4060 ti ex 1-click oc,KFA2,GPU_454159-ig800gg.jpg,https://ic.jimms.fi/product/5/0/454159-ig800gg.jpg,4352,2640 mhz,16gb gddr6,Pci-e 4.0,264 x 145 x 41 mm (bracketin kanssa) / 251 x 130 x 40 mm (ilman brackettia),550 w
197,https://www.jimms.fi/fi/Product/Show/186565/apbf-ia770-16g-oc/acer-intel-arc-a770-predator-bifrost-oc-naytonohjain-16gb-gddr6,449.9,Intel arc a770 predator bifrost oc,Acer,GPU_410649-ig800gg.jpg,https://ic.jimms.fi/product/4/0/410649-ig800gg.jpg,512,2200 mhz /  2400mhz (oc boost clock),16gb gddr6,Pci express 4.0,"267 x 117,75 mm / 2 slots",650w
198,https://www.jimms.fi/fi/Product/Show/175926/11310-01-20g/sapphire-radeon-rx-6600-pulse-naytonohjain-8gb-gddr6,240.9,Radeon rx 6600 pulse,Sapphire,GPU_358787-ig800gg.jpg,https://ic.jimms.fi/product/8/2/358787-ig800gg.jpg,1792,2491 mhz,8gb gddr6,Pcie 4.0,"193 x 120,05 x 40,05 mm / 2 slot",500W
199,https://www.jimms.fi/fi/Product/Show/186261/rog-strix-rtx4090-24g-gaming/asus-geforce-rtx-4090-rog-strix-naytonohjain-24gb-gddr6x,2354.9,Geforce rtx 4090 rog strix,Asus,GPU_409046-ig800gg.jpg,https://ic.jimms.fi/product/4/3/409046-ig800gg.jpg,16384,2520 mhz (boost clock),24gb gddr6x,Pcie 4.0,"357,6 x 149,3 x 70,1 mm / 3,5 slot",1000 w
200,https://www.jimms.fi/fi/Product/Show/174298/vcnrtxa4000-sb/pny-rtx-a4000-naytonohjain-16gb-gddr6-4x-dp,1262.9,Rtx a4000,PNY,GPU_346058-ig800gg.jpg,https://ic.jimms.fi/product/5/1/346058-ig800gg.jpg,6144,,16 gb,Pci express 4.0 x16,"24,1 cm",140 w
201,https://www.jimms.fi/fi/Product/Show/195666/rx7800xt-sl-16go/asrock-radeon-rx-7800-xt-steel-legend-oc-naytonohjain-16gb-gddr6,639.9,Radeon rx 7800 xt steel legend oc,ASRock,GPU_459182-ig800gg.jpg,https://ic.jimms.fi/product/8/7/459182-ig800gg.jpg,3840,2520 mhz,16gb gddr6,Pci express 4.0 x16,304 x 131 x 56 mm / 2.8 slot,800w
202,https://www.jimms.fi/fi/Product/Show/191403/gv-n4070gaming-oc-12gd/gigabyte-geforce-rtx-4070-gaming-oc-naytonohjain-12gb-gddr6x,739.9,Geforce rtx 4070 gaming oc,Gigabyte,GPU_438185-ig800gg.jpg,https://ic.jimms.fi/product/8/4/438185-ig800gg.jpg,5888,2565 mhz,12gb gddr6x,Pcie 4.0,300 x 130 x 58 mm / 3 slot,700w
203,https://www.jimms.fi/fi/Product/Show/191841/gv-n4080wf3-16gd/gigabyte-geforce-rtx-4080-windforce-naytonohjain-16gb-gddr6x,1329.9,Geforce rtx 4080 windforce,Gigabyte,GPU_438485-ig800gg.jpg,https://ic.jimms.fi/product/8/4/438485-ig800gg.jpg,9728,2505 mhz (core clock),16gb gddr6x,Pci-e 4.0,330 x 136 x 56 mm,750w
204,https://www.jimms.fi/fi/Product/Show/170561/dual-gtx1650-o4gd6-mini/asus-geforce-gtx-1650-dual-mini-oc-edition-naytonohjain-4gb-gddr6,267.9,Geforce gtx 1650 dual mini - oc edition,Asus,GPU_326133-ig800gg.jpg,https://ic.jimms.fi/product/3/6/326133-ig800gg.jpg,896,1410 mhz (core) / 1650 mhz (boost),4gb gddr6,Pci express 3.0 x16,"3,9 x 20 x 12,4 cm",300w
205,https://www.jimms.fi/fi/Product/Show/196165/vcnrtx4000adalp-pb/pny-nvidia-rtx-4000-sff-ada-generation-naytonohjain-20gb-gddr6,1906,Nvidia rtx 4000 sff ada generation,PNY,GPU_461909-ig800gg.jpg,https://ic.jimms.fi/product/0/0/461909-ig800gg.jpg,6144,,,,,
206,https://www.jimms.fi/fi/Product/Show/186311/49nxm5md6dsk/kfa2-geforce-rtx-4090-sg-1-click-oc-naytonohjain-24gb-gddr6x,1899.9,Geforce rtx 4090 sg (1-click oc),KFA2,GPU_409217-ig800gg.jpg,https://ic.jimms.fi/product/1/2/409217-ig800gg.jpg,16384,2580 mhz (boost) / 2595 mhz (1-click oc),24gb gddr6x,Pcie 4.0,Kiinnitysraudalla: 352 x 153 x 74 mm,850w
207,https://www.jimms.fi/fi/Product/Show/195444/rtx4060ti-gamingxslimwhite-16g/msi-geforce-rtx-4060-ti-gaming-x-slim-white-naytonohjain-16gb-gddr6,599.9,Geforce rtx 4060 ti gaming x slim white,MSI,GPU_458051-ig800gg.jpg,https://ic.jimms.fi/product/5/8/458051-ig800gg.jpg,4352,2670 mhz,16gb gddr6,Pci express gen 4 x 8,307 x 125 x 46 mm,550 w
208,https://www.jimms.fi/fi/Product/Show/186880/dual-rtx3060-o8g-white/asus-geforce-rtx-3060-dual-white-oc-edition-naytonohjain-8gb-gddr6,365.9,Geforce rtx 3060 dual white - oc edition,Asus,GPU_412075-ig800gg.jpg,https://ic.jimms.fi/product/7/4/412075-ig800gg.jpg,3584,1867 mhz (boost clock),8gb gddr6,Pci-e 4.0,200 x 123 x 38 mm / 2-slot,650w
209,https://www.jimms.fi/fi/Product/Show/130713/gv-n1030d5-2gl/gigabyte-geforce-gt-1030-naytonohjain-2gb-gddr5,97.9,Geforce gt 1030,Gigabyte,GPU_167094-ig800gg.jpg,https://ic.jimms.fi/product/9/5/167094-ig800gg.jpg,384,Oc mode: 1252 (boost 1506)mhz,2gb gddr5,Pci express 3.0,150 x 15 x 69 mm,300w
210,https://www.jimms.fi/fi/Product/Show/195669/11335-04-20g/sapphire-radeon-rx-7700-xt-pulse-naytonohjain-12gb-gddr6,527.9,Radeon rx 7700 xt pulse,Sapphire,GPU_459200-ig800gg.jpg,https://ic.jimms.fi/product/0/9/459200-ig800gg.jpg,3456,2544 mhz,12gb gddr6,Pci-express 4.0 x16,"280 x 128,75 x 52,57 mm / 2.5 slot",700 W
211,https://www.jimms.fi/fi/Product/Show/188093/rx7900xt-pg-20go/asrock-radeon-rx-7900-xt-phantom-gaming-oc-naytonohjain-20gb-gddr6,919.9,Radeon rx 7900 xt phantom gaming oc,ASRock,GPU_418745-ig800gg.jpg,https://ic.jimms.fi/product/4/4/418745-ig800gg.jpg,5376,2450 mhz,20gb gddr6,Pci express 4.0 x16,"330 x 140 x 57,6 mm / 2.8-slot",750 w
212,https://www.jimms.fi/fi/Product/Show/187917/11322-01/sapphire-radeon-rx-7900-xtx-nitro-vapor-x-naytonohjain-24gb-gddr6,1327.9,Radeon rx 7900 xtx nitro+ vapor-x,Sapphire,GPU_418184-ig800gg.jpg,https://ic.jimms.fi/product/8/5/418184-ig800gg.jpg,6144,2680 mhz,24 576 mb,X16 pcie 4.0,"320 x 135,75 x 71,6 mm / 3.5 slot",800 W
213,https://www.jimms.fi/fi/Product/Show/185318/rog-strix-rtx4090-o24g-gaming/asus-geforce-rtx-4090-rog-strix-oc-edition-naytonohjain-24gb-gddr6x,2367.9,Geforce rtx 4090 rog strix - oc edition,Asus,GPU_404549-ig800gg.jpg,https://ic.jimms.fi/product/4/0/404549-ig800gg.jpg,16384,2640 mhz (boost clock),24gb gddr6x,Pcie 4.0,"357,6 x 149,3x 70,1mm / 3.5 slot",1000w
214,https://www.jimms.fi/fi/Product/Show/193261/100-300000074/amd-radeon-pro-w7900-naytonohjain-48gb-gddr6,4858.9,Radeon pro w7900,AMD,GPU_445115-ig800gg.jpg,https://ic.jimms.fi/product/1/4/445115-ig800gg.jpg,6144,,48 gb gddr6,"Pci express 4.0 ready (x16), 3.0 taaksepäin yhteensopiva","279,4 x 98,4 x 44,8 mm / full height, triple-slot",650 w
215,https://www.jimms.fi/fi/Product/Show/194410/rog-strix-rtx4060ti-o16g-gam/asus-geforce-rtx-4060-ti-strix-oc-edition-naytonohjain-16gb-gddr6,680.9,Geforce rtx 4060 ti strix - oc edition,Asus,GPU_452060-ig800gg.jpg,https://ic.jimms.fi/product/6/9/452060-ig800gg.jpg,4352,2715 mhz,16gb gddr6,Pci express gen 4 x 8,"311,4 x 133,5 x 61,9 mm",650 w
216,https://www.jimms.fi/fi/Product/Show/130704/gt1030-sl-2g-brk/asus-geforce-gt-1030-naytonohjain-2gb-gddr5,97.9,Geforce gt 1030,Asus,GPU_167069-ig800gg.jpg,https://ic.jimms.fi/product/6/0/167069-ig800gg.jpg,384,Oc mode: 1266 mhz,2gb gddr5,Pci express 3.0,"17,3 x 6,9 x 4 cm",
217,https://www.jimms.fi/fi/Product/Show/193651/gv-n4090wf3v2-24gd/gigabyte-geforce-rtx-4090-windforce-v2-naytonohjain-24gb-gddr6x,1999.9,Geforce rtx 4090 windforce v2,Gigabyte,GPU_447353-ig800gg.jpg,https://ic.jimms.fi/product/5/6/447353-ig800gg.jpg,16384,2520 mhz (core clock),24gb gddr6x,Pci-e 4.0,"331 x 136 x 55,5 mm",850w
218,https://www.jimms.fi/fi/Product/Show/196528/11315-01-20g/sapphire-radeon-rx-6400-pulse-naytonohjain-4gb-gddr6,168.9,Radeon rx 6400 pulse,Sapphire,GPU_464332-ig800gg.jpg,https://ic.jimms.fi/product/3/7/464332-ig800gg.jpg,768,2321 mhz,4gb gddr6,Pci-express 4.0 x4,"170 x 56,2 x 17,2 mm / 1 slot, low profile",350 W
219,https://www.jimms.fi/fi/Product/Show/195663/rx7700xt-sl-12go/asrock-radeon-rx-7700-xt-steel-legend-oc-naytonohjain-12gb-gddr6,558.9,Radeon rx 7700 xt steel legend oc,ASRock,GPU_459164-ig800gg.jpg,https://ic.jimms.fi/product/6/5/459164-ig800gg.jpg,3456,2599 mhz,12gb gddr6,Pci express 4.0 x16,304 x 131 x 56 mm / 2.8 slot,750w
220,https://www.jimms.fi/fi/Product/Show/189667/21p02j00ba/intel-arc-a750-naytonohjain-8gb-gddr6,297.9,Arc a750,Intel,GPU_425660-ig800gg.jpg,https://ic.jimms.fi/product/6/9/425660-ig800gg.jpg,28,2050 mhz,8 gb,Pci express 4.0 x16,,225 w
221,https://www.jimms.fi/fi/Product/Show/195259/tuf-rx7700xt-o12g-gaming/asus-radeon-rx-7700-xt-tuf-gaming-oc-edition-naytonohjain-12gb-gddr6,589.9,Radeon rx 7700 xt tuf gaming - oc edition,Asus,GPU_457750-ig800gg.jpg,https://ic.jimms.fi/product/5/9/457750-ig800gg.jpg,3456,Tbd mhz (boost clock),12gb gddr6,Pcie 4.0,"319,8 x 150,9 x 59,2 mm / 2.96 slot",750w
222,https://www.jimms.fi/fi/Product/Show/195081/rx7700xt-12gb-f-oc/powercolor-radeon-rx-7700-xt-fighter-naytonohjain-12gb-gddr6,529.9,Radeon rx 7700 xt fighter,PowerColor,GPU_457700-ig800gg.jpg,https://ic.jimms.fi/product/0/9/457700-ig800gg.jpg,3456,2585 mhz,12gb gddr6,Pcie 4.0,290 x 111 x 50 mm / 303 x 128 x 50 mm (bracketin kanssa) / 2.5 slot,750w
223,https://www.jimms.fi/fi/Product/Show/195468/vcnrtxa4000-pb/pny-nvidia-rtx-a4000-naytonohjain-16gb-gddr6,1349.9,Nvidia rtx a4000,PNY,GPU_458214-ig800gg.jpg,https://ic.jimms.fi/product/1/5/458214-ig800gg.jpg,6144,,16 gb,Pci express 4.0 x16,,140 watti(a)
224,https://www.jimms.fi/fi/Product/Show/190851/dual-rtx4070-12g/asus-geforce-rtx-4070-dual-naytonohjain-12gb-gddr6x,767.9,Geforce rtx 4070 dual,Asus,GPU_438132-ig800gg.jpg,https://ic.jimms.fi/product/3/7/438132-ig800gg.jpg,5888,2505 mhz (boost clock),12gb gddr6x,Pcie 4.0,269 x 135 x 52 mm / 2.55 slot,650w
225,https://www.jimms.fi/fi/Product/Show/186253/a380-cli-6go/asrock-intel-arc-a380-challenger-itx-oc-naytonohjain-6gb-gddr6,153.9,Intel arc a380 challenger itx oc,ASRock,GPU_408975-ig800gg.jpg,https://ic.jimms.fi/product/7/4/408975-ig800gg.jpg,128,2250 mhz (base),6gb gddr6,Pci express 4.0 x8,190 x 124 x 39 mm / 2-slot,500w
226,https://www.jimms.fi/fi/Product/Show/194745/46isl8md8cok/kfa2-geforce-rtx-4060-ti-1-click-oc-naytonohjain-8gb-gddr6,429.9,Geforce rtx 4060 ti 1-click oc,KFA2,GPU_454139-ig800gg.jpg,https://ic.jimms.fi/product/3/0/454139-ig800gg.jpg,4352,2550 mhz,8gb gddr6,Pci-e 4.0,251 x 133 x 41 mm (bracketin kanssa) / 237 x 118 x 41 mm (ilman brackettia),550 w
227,https://www.jimms.fi/fi/Product/Show/196992/rtx-4070-gaming-x-slimwhite12g/msi-geforce-rtx-4070-gaming-x-slim-white-naytonohjain-12gb-gddr6x,819.9,Geforce rtx 4070 gaming x slim white,MSI,GPU_466987-ig800gg.jpg,https://ic.jimms.fi/product/8/2/466987-ig800gg.jpg,5888,2610 mhz,12gb gddr6x,Pci express gen 4,307 x 125 x 46 mm,650w
228,https://www.jimms.fi/fi/Product/Show/181731/vcnt400-4gb-pb/pny-nvidia-t400-naytonohjain-4gb-gddr6,228.9,Nvidia t400,PNY,GPU_384795-ig800gg.jpg,https://ic.jimms.fi/product/9/4/384795-ig800gg.jpg,384,,4 gb gddr6,Pci expresss 3.0 x 16,,30 w
229,https://www.jimms.fi/fi/Product/Show/181753/axrx-6400-4gbd6-dh/powercolor-radeon-rx-6400-itx-naytonohjain-4gb-gddr6,173.9,Radeon rx 6400 itx,PowerColor,GPU_384861-ig800gg.jpg,https://ic.jimms.fi/product/6/8/384861-ig800gg.jpg,768,Game 2039mhz / boost 2321mhz,4gb gddr6,Pci-e 4.0,165 x 125 x 40 mm,
230,https://www.jimms.fi/fi/Product/Show/191847/47nom7md7lkk/kfa2-geforce-rtx-4070-ex-gamer-pink-naytonohjain-12gb-gddr6x,699.9,Geforce rtx 4070 ex gamer pink,KFA2,GPU_438513-ig800gg.jpg,https://ic.jimms.fi/product/1/6/438513-ig800gg.jpg,5888,2535 mhz,12gb gddr6x,Pci-e 4.0,336 x 146 x 48 mm (bracketin kanssa) / 323 x 131 x 48 mm (ilman brackettia),600 w
231,https://www.jimms.fi/fi/Product/Show/195672/11330-01-20g/sapphire-radeon-rx-7800-xt-nitro-naytonohjain-16gb-gddr6,677.9,Radeon rx 7800 xt nitro+,Sapphire,GPU_459223-ig800gg.jpg,https://ic.jimms.fi/product/2/6/459223-ig800gg.jpg,3840,2565 mhz,16gb gddr6,Pci-express 4.0 x16,"320 x 134,85 x 61,57 mm / 3 slot",700 W
232,https://www.jimms.fi/fi/Product/Show/195665/rx7700xt-pg-12go/asrock-radeon-rx-7700-xt-phantom-gaming-oc-naytonohjain-12gb-gddr6,563.9,Radeon rx 7700 xt phantom gaming oc,ASRock,GPU_459176-ig800gg.jpg,https://ic.jimms.fi/product/7/3/459176-ig800gg.jpg,3456,2599 mhz,12gb gddr6,Pci express 4.0 x16,328 x 140 x 52 mm,750w
233,https://www.jimms.fi/fi/Product/Show/150853/90yv0cv0-m0na00/asus-geforce-gtx-1650-phoenix-oc-naytonohjain-4gb-gddr5,217.9,Geforce gtx 1650 phoenix oc,Asus,GPU_240274-ig800gg.jpg,https://ic.jimms.fi/product/7/5/240274-ig800gg.jpg,896,Oc mode: 1710 mhz (boost) / 1485 mhz (base),4gb gddr5,Pci-e 3.0 x16,"19 x 11 x 3,8 cm / 2-slot",300w
234,https://www.jimms.fi/fi/Product/Show/191618/radeon-rx-6400-aero-itx-4g/msi-radeon-rx-6400-aero-itx-naytonohjain-4gb-gddr6,144.9,Radeon rx 6400 aero itx,MSI,GPU_437370-ig800gg.jpg,https://ic.jimms.fi/product/7/9/437370-ig800gg.jpg,768,2321 mhz,4gb gddr6,Pci express gen 4 x 4,172 x 112 x 39 mm,350 w
235,https://www.jimms.fi/fi/Product/Show/196356/rtx-4070-ti-ventus-3x-e1-12goc/msi-geforce-rtx-4070-ti-ventus-3x-e1-oc-naytonohjain-12gb-gddr6x,949.9,Geforce rtx 4070 ti ventus 3x e1 oc,MSI,GPU_463319-ig800gg.jpg,https://ic.jimms.fi/product/1/0/463319-ig800gg.jpg,7680,2640 mhz,12gb gddr6x,Pci express gen 4,308 x 120 x 52 mm,700w
236,https://www.jimms.fi/fi/Product/Show/195671/11335-02-20g/sapphire-radeon-rx-7700-xt-nitro-naytonohjain-12gb-gddr6,591.9,Radeon rx 7700 xt nitro+,Sapphire,GPU_459217-ig800gg.jpg,https://ic.jimms.fi/product/1/2/459217-ig800gg.jpg,3456,2599 mhz,12gb gddr6,Pci-express 4.0 x16,"320 x 134,85 x 61,57 mm / 3 slot",700 W
237,https://www.jimms.fi/fi/Product/Show/193042/rx7600-8g-l-oc/powercolor-radeon-rx-7600-hellhound-naytonohjain-8gb-gddr6,329.9,Radeon rx 7600 hellhound,PowerColor,GPU_445466-ig800gg.jpg,https://ic.jimms.fi/product/6/3/445466-ig800gg.jpg,2048,Game 2280 mhz (oc) / 2250 mhz (silent); boost 2695 mhz (oc) / 2655 mhz (silent),8gb gddr6,Pcie 4.0,223 x 132 x 45 mm / 234 x 149 x 45 mm (bracketin kanssa) / 2.5 slot,600w
238,https://www.jimms.fi/fi/Product/Show/192370/proart-rtx4070ti-o12g/asus-geforce-rtx-4070-ti-proart-oc-edition-naytonohjain-12gb-gddr6x,1029.9,Geforce rtx 4070 ti proart - oc edition,Asus,GPU_441268-ig800gg.jpg,https://ic.jimms.fi/product/6/1/441268-ig800gg.jpg,7680,2730 mhz (boost clock),12gb gddr6x,Pcie 4.0,300 x 120 x 50 mm / 2.5 slot,750w
239,https://www.jimms.fi/fi/Product/Show/192368/proart-rtx4080-o16g/asus-geforce-rtx-4080-proart-oc-edition-naytonohjain-16gb-gddr6x,1569.9,Geforce rtx 4080 proart - oc edition,Asus,GPU_441255-ig800gg.jpg,https://ic.jimms.fi/product/5/4/441255-ig800gg.jpg,9728,2595 mhz (boost clock),16gb gddr6x,Pcie 4.0,300 x 120 x 50 mm / 2.5 slot,750w
240,https://www.jimms.fi/fi/Product/Show/193035/tuf-rtx4060ti-o8g-gaming/asus-geforce-rtx-4060-ti-tuf-gaming-oc-edition-naytonohjain-8gb-gddr6,559.9,Geforce rtx 4060 ti tuf gaming - oc edition,Asus,GPU_444935-ig800gg.jpg,https://ic.jimms.fi/product/3/4/444935-ig800gg.jpg,4352,2625 mhz (boost),8gb gddr6,Pci-e 4.0,"300 x 139 x 62,4 mm / 3.12 slot",650w
241,https://www.jimms.fi/fi/Product/Show/197017/gv-n4090aero-oc-24gd/gigabyte-geforce-rtx-4090-aero-oc-naytonohjain-24gb-gddr6x,2129.9,Geforce rtx 4090 aero oc,Gigabyte,GPU_467197-ig800gg.jpg,https://ic.jimms.fi/product/9/2/467197-ig800gg.jpg,16384,2535 mhz (core clock),24gb gddr6x,Pci-e 4.0,342 x 150 x 75 mm,1000w
242,https://www.jimms.fi/fi/Product/Show/130712/gv-n1030sl-2gl/gigabyte-geforce-gt-1030-naytonohjain-2gb-gddr5,468.9,Geforce gt 1030,Gigabyte,GPU_167092-ig800gg.jpg,https://ic.jimms.fi/product/9/7/167092-ig800gg.jpg,384,Oc mode: 1266 (boost 1506)mhz,2gb gddr5,Pci express 3.0,175 x 36 x 69 mm,300w
243,https://www.jimms.fi/fi/Product/Show/193022/rtx-4060-ti-ventus-3x-8g-oc/msi-geforce-rtx-4060-ti-ventus-3x-oc-naytonohjain-8gb-gddr6,489.9,Geforce rtx 4060 ti ventus 3x oc,MSI,GPU_444915-ig800gg.jpg,https://ic.jimms.fi/product/1/4/444915-ig800gg.jpg,4352,,8gb gddr6,Pci express® gen 4 x16 (uses x8),308 x 120 x 43 mm,Tbd
244,https://www.jimms.fi/fi/Product/Show/195381/tuf-rx7800xt-o16g-gaming/asus-radeon-rx-7800-xt-tuf-gaming-oc-edition-naytonohjain-16gb-gddr6,669.9,Radeon rx 7800 xt tuf gaming - oc edition,Asus,GPU_457764-ig800gg.jpg,https://ic.jimms.fi/product/6/5/457764-ig800gg.jpg,3840,2565 mhz (boost clock),16gb gddr6,Pcie 4.0,"319,8 x 150,9 x 59,2 mm / 2.96 slot",750w
245,https://www.jimms.fi/fi/Product/Show/182121/11319-03-20g/sapphire-radeon-rx-6650-xt-pulse-naytonohjain-8gb-gddr6,287.9,Radeon rx 6650 xt pulse,Sapphire,GPU_386951-ig800gg.jpg,https://ic.jimms.fi/product/5/8/386951-ig800gg.jpg,2048,2635 mhz,8192 mb,X8 pcie 4.0,"240 x 119,85 x 44,75 mm / 2 slot",500W
246,https://www.jimms.fi/fi/Product/Show/181775/ph-rx6400-4g/asus-radeon-rx-6400-phoenix-naytonohjain-4gb-gddr6,190.9,Radeon rx 6400 phoenix,Asus,GPU_385036-ig800gg.jpg,https://ic.jimms.fi/product/3/3/385036-ig800gg.jpg,768,2321 mhz (boost clock) /  2039 mhz (game clock),4gb gddr6,Pcie 4.0,"196 x 128 x 40,5 mm / 2 slot",500w
247,https://www.jimms.fi/fi/Product/Show/169891/rtx-3060-ventus-3x-12g-oc/msi-geforce-rtx-3060-ventus-3x-oc-lhr-naytonohjain-12gb-gddr6,375.9,Geforce rtx 3060 ventus 3x oc (lhr),MSI,GPU_323144-ig800gg.jpg,https://ic.jimms.fi/product/4/5/323144-ig800gg.jpg,3584,1807 mhz (boost),12gb gddr6,Pci express gen 4,316 x 120 x 42 mm,550w
248,https://www.jimms.fi/fi/Product/Show/194411/proart-rtx4060ti-o16g/asus-geforce-rtx-4060-ti-proart-oc-edition-naytonohjain-16gb-gddr6,599.9,Geforce rtx 4060 ti proart - oc edition,Asus,GPU_452065-ig800gg.jpg,https://ic.jimms.fi/product/6/4/452065-ig800gg.jpg,4352,2655 mhz,16gb gddr6,Pci express gen 4 x 8,300 x 120 x 50 mm,650 w
249,https://www.jimms.fi/fi/Product/Show/194335/rtx-4060ti-ventus2xbla-16g-oc/msi-geforce-rtx-4060-ti-ventus-2x-black-oc-naytonohjain-16gb-gddr6,529.9,Geforce rtx 4060 ti ventus 2x black oc,MSI,GPU_451354-ig800gg.jpg,https://ic.jimms.fi/product/5/5/451354-ig800gg.jpg,4352,2610 mhz,16gb gddr6,Pci express gen 4 x16 (uses x8),199 x 120 x 42 mm,550 w
250,https://www.jimms.fi/fi/Product/Show/132139/gv-n1030oc-2gi/gigabyte-gt1030-oc-2g-naytonohjain-2gb-gddr5,103.9,Gt1030 oc 2g,Gigabyte,GPU_171482-ig800gg.jpg,https://ic.jimms.fi/product/8/7/171482-ig800gg.jpg,384,Oc mode: 1290 (boost 1544)mhz,2gb gddr5,Pci express 3.0,"167,7 x 26,8 x 111,2 mm",300w
251,https://www.jimms.fi/fi/Product/Show/195522/dual-rtx4060ti-a16g/asus-geforce-rtx-4060-ti-dual-advanced-edition-naytonohjain-16gb-gddr6,586.9,Geforce rtx 4060 ti dual - advanced edition,Asus,GPU_458628-ig800gg.jpg,https://ic.jimms.fi/product/2/1/458628-ig800gg.jpg,4352,2550 mhz,16gb gddr6,Pci express gen 4 x 8,"227,2 x 123,24 x 49,6 mm / 2.5 slot",650 w
252,https://www.jimms.fi/fi/Product/Show/188978/rx7900xtx-24g-e-oc/powercolor-radeon-rx-7900-xtx-red-devil-naytonohjain-24gb-gddr6,1298.9,Radeon rx 7900 xtx red devil,PowerColor,GPU_423293-ig800gg.jpg,https://ic.jimms.fi/product/9/6/423293-ig800gg.jpg,6144,2565 mhz (oc) / 2525 mhz (std/silent),24gb gddr6,Pcie 4.0,338 x 135 x 73 mm / 348 x 147 x 73 mm (bracketin kanssa) / 3.5 slot,900w
253,https://www.jimms.fi/fi/Product/Show/196059/gv-n407tgaming-ocv2-12gd/gigabyte-geforce-rtx-4070-ti-gaming-oc-v2-naytonohjain-12gb-gddr6x,999.9,Geforce rtx 4070 ti gaming oc v2,Gigabyte,GPU_461336-ig800gg.jpg,https://ic.jimms.fi/product/3/3/461336-ig800gg.jpg,7680,2640 mhz,12gb gddr6x,Pci-e 4.0,"300 x 130 x 57,6 mm",750w
254,https://www.jimms.fi/fi/Product/Show/185540/rtx-4090-suprim-liquid-x-24g/msi-geforce-rtx-4090-suprim-liquid-x-naytonohjain-24gb-gddr6x,2199.9,Geforce rtx 4090 suprim liquid x,MSI,GPU_404600-ig800gg.jpg,https://ic.jimms.fi/product/0/9/404600-ig800gg.jpg,16384,2625 mhz (gaming & silent mode),24gb gddr6x,Pci express gen 4,,1000 w
255,https://www.jimms.fi/fi/Product/Show/195784/rtx-4090-gaming-x-slim-24g/msi-geforce-rtx-4090-gaming-x-slim-naytonohjain-24gb-gddr6x,2026.9,Geforce rtx 4090 gaming x slim,MSI,GPU_459759-ig800gg.jpg,https://ic.jimms.fi/product/5/0/459759-ig800gg.jpg,16384,2595 mhz (gaming & silent mode),24gb gddr6x,Pci express gen 4,322 x 136 x 62 mm,850 w
256,https://www.jimms.fi/fi/Product/Show/196964/tuf-rtx4070ti-o12g-whitegaming/asus-geforce-rtx-4070-ti-tuf-gaming-white-oc-edition-naytonohjain-12gb-gddr6x,1112.9,Geforce rtx 4070 ti tuf gaming white - oc edition,Asus,GPU_466794-ig800gg.jpg,https://ic.jimms.fi/product/9/5/466794-ig800gg.jpg,7680,2730 mhz (boost clock),12gb gddr6x,Pcie 4.0,305 x 138 x 65 mm / 3.25 slot,750w
