ID,Url,Price,Name,Manufacturer,Image,Image_Url,Core_Count,Thread_Count,Base_Clock,Cache,Socket,Cpu_Cooler,TDP,Integrated_GPU
1,https://www.jimms.fi/fi/Product/Show/188803/100-100000910wof/amd-ryzen-7-7800x3d-am5-4-2-ghz-8-core-wof,439.9,Ryzen 7 7800x3d,AMD,CPU_428633-ig800gg.jpg,https://ic.jimms.fi/product/3/6/428633-ig800gg.jpg,8,16,4.2 ghz,96mb,Am5,,120w,Amd radeon graphics
2,https://www.jimms.fi/fi/Product/Show/184475/bx8071513600kf/intel-core-i5-13600kf-lga1700-3-50-ghz-24mb-boxed,340.9,Core i5-13600kf,Intel,CPU_405407-ig800gg.jpg,https://ic.jimms.fi/product/0/2/405407-ig800gg.jpg,14 (6p + 8e),20,"3.50 ghz (base, p-core) / 2.60 ghz (base, e-core)",24 mb,Lga1700,,125w,
3,https://www.jimms.fi/fi/Product/Show/161257/bx8070110400f/intel-core-i5-10400f-lga1200-2-90-ghz-12mb-boxed,113.9,Core i5-10400f,Intel,CPU_286776-ig800gg.jpg,https://ic.jimms.fi/product/7/3/286776-ig800gg.jpg,6,12,2.90 ghz,12mb,Lga1200,,65w,
4,https://www.jimms.fi/fi/Product/Show/161261/bx8070110600k/intel-core-i5-10600k-lga1200-4-10-ghz-12mb-boxed,170.9,Core i5-10600k,Intel,CPU_286777-ig800gg.jpg,https://ic.jimms.fi/product/7/2/286777-ig800gg.jpg,6,12,4.10 ghz,12mb,Lga1200,,125w,Intel® uhd graphics 630
5,https://www.jimms.fi/fi/Product/Show/169827/bx80701g6405/intel-pentium-gold-g6405-lga1200-4-10-ghz-4mb-boxed,76.9,Pentium gold g6405,Intel,CPU_332829-ig800gg.jpg,https://ic.jimms.fi/product/2/0/332829-ig800gg.jpg,2,4,4.10 ghz (base),4mb,Lga1200,,58w,Intel uhd graphics 610
6,https://www.jimms.fi/fi/Product/Show/121966/bx80660e52620v4/intel-xeon-e5-2620-v4-2-1-ghz-lga2011-v3-boxed,505.9,Xeon e5-2620 v4 2,Intel,CPU_142535-ig800gg.jpg,https://ic.jimms.fi/product/3/4/142535-ig800gg.jpg,8,,"2,1 ghz",,Fclga2011-v3,,85w,
7,https://www.jimms.fi/fi/Product/Show/122549/bx80660e52650v4/intel-xeon-e5-2650-v4-lga2011-3-2-2ghz-30mb-boxed,1418.9,Xeon e5-2650 v4,Intel,CPU_144068-ig800gg.jpg,https://ic.jimms.fi/product/6/1/144068-ig800gg.jpg,12,24,2.20 ghz,30 mb,Lga2011-3,,105 w,
8,https://www.jimms.fi/fi/Product/Show/187555/100-000000804/amd-epyc-9554p-sp5-3-10-ghz-64-core-tray,6742.9,Epyc 9554p,AMD,CPU_416107-ig800gg.jpg,https://ic.jimms.fi/product/0/2/416107-ig800gg.jpg,64,128,3.1 ghz,256 mb,Sp5,,360 w,
9,https://www.jimms.fi/fi/Product/Show/123435/bx80660e52697v4/intel-xeon-e5-2697-v4-lga2011-3-2-3ghz-45mb-boxed,3225.9,Xeon e5-2697 v4,Intel,CPU_146330-ig800gg.jpg,https://ic.jimms.fi/product/3/9/146330-ig800gg.jpg,18,36,2.30 ghz,45 mb,Lga2011-3,,145 w,
10,https://www.jimms.fi/fi/Product/Show/154681/bx806733106/intel-xeon-bronze-3106-lga3647-1-70-ghz-11mb-boxed,384.9,Xeon bronze 3106,Intel,CPU_255899-ig800gg.jpg,https://ic.jimms.fi/product/9/0/255899-ig800gg.jpg,8,8,1.70 ghz,11 mb,Lga3647,,85w,
11,https://www.jimms.fi/fi/Product/Show/187563/100-000000805/amd-epyc-9354p-sp5-3-25-ghz-32-core-tray,3217.9,Epyc 9354p,AMD,CPU_416138-ig800gg.jpg,https://ic.jimms.fi/product/3/1/416138-ig800gg.jpg,32,64,3.25 ghz,256 mb,Sp5,,280 w,
12,https://www.jimms.fi/fi/Product/Show/181374/100-000000043/amd-epyc-7302-sp3-3-0-ghz-128mb-tray,838.9,Epyc 7302,AMD,CPU_383066-ig800gg.jpg,https://ic.jimms.fi/product/6/3/383066-ig800gg.jpg,16,32,3 ghz,128 mt,Sp3,,155 w,
13,https://www.jimms.fi/fi/Product/Show/169817/bx8070811700f/intel-core-i7-11700f-lga1200-2-50-ghz-16mb-boxed,224.9,Core i7-11700f,Intel,CPU_329944-ig800gg.jpg,https://ic.jimms.fi/product/4/5/329944-ig800gg.jpg,8,16,2.50 ghz (base),16mb,Lga1200,,65w,
14,https://www.jimms.fi/fi/Product/Show/176050/bx8071512600k/intel-core-i5-12600k-lga1700-3-70-ghz-20mb-boxed,259.9,Core i5-12600k,Intel,CPU_356326-ig800gg.jpg,https://ic.jimms.fi/product/2/3/356326-ig800gg.jpg,10 (6p + 4e),16,3.70 ghz (base),20mb,Lga1700,,125w,Intel® uhd graphics 770
15,https://www.jimms.fi/fi/Product/Show/180898/100-100000651wof/amd-ryzen-7-5800x3d-am4-3-4-ghz-8-core-boxed,359.9,Ryzen 7 5800x3d,AMD,CPU_380811-ig800gg.jpg,https://ic.jimms.fi/product/1/8/380811-ig800gg.jpg,8,16,3.4 ghz,96mb,Am4,,105w,
16,https://www.jimms.fi/fi/Product/Show/169828/bx80701g5905/intel-celeron-g5905-lga1200-3-50-ghz-4mb-boxed,50.9,Celeron g5905,Intel,CPU_332825-ig800gg.jpg,https://ic.jimms.fi/product/2/4/332825-ig800gg.jpg,2,2,3.50 ghz (base),4mb,Lga1200,,58w,Intel® uhd graphics 610
17,https://www.jimms.fi/fi/Product/Show/184605/100-100000593wof/amd-ryzen-5-7600x-am5-4-7-ghz-6-core-wof,269.9,Ryzen 5 7600x,AMD,CPU_416523-ig800gg.jpg,https://ic.jimms.fi/product/2/6/416523-ig800gg.jpg,6,12,4.7 ghz,32mb,Am5,,105w,Amd radeon graphics
18,https://www.jimms.fi/fi/Product/Show/161265/bx8070110700k/intel-core-i7-10700k-lga1200-3-80-ghz-16mb-boxed,297.9,Core i7-10700k,Intel,CPU_286790-ig800gg.jpg,https://ic.jimms.fi/product/9/9/286790-ig800gg.jpg,8,16,3.80 ghz,16mb,Lga1200,,125w,Intel® uhd graphics 630
19,https://www.jimms.fi/fi/Product/Show/188074/100-100000592box/amd-ryzen-7-7700-am5-3-8-ghz-8-core-boxed,364.9,Ryzen 7 7700,AMD,CPU_423376-ig800gg.jpg,https://ic.jimms.fi/product/7/3/423376-ig800gg.jpg,8,16,3.8 ghz,32mb,Am5,,65w,Amd radeon graphics
20,https://www.jimms.fi/fi/Product/Show/190589/cm8071505092101/intel-core-i3-13100t-lga1700-2-50-ghz-12mb-tray,161.9,Core i3-13100t,Intel,CPU_430715-ig800gg.jpg,https://ic.jimms.fi/product/1/4/430715-ig800gg.jpg,4 (4p + 0e),8,"2.50 ghz (base, p-core)",12mb,Lga1700,,35w,Intel® uhd graphics 730
21,https://www.jimms.fi/fi/Product/Show/187562/100-000000792/amd-epyc-9374f-sp5-3-85-ghz-32-core-tray,5812.9,Epyc 9374f,AMD,CPU_416135-ig800gg.jpg,https://ic.jimms.fi/product/3/4/416135-ig800gg.jpg,32,64,3.85 ghz,256 mb,Sp5,,320 w,
22,https://www.jimms.fi/fi/Product/Show/192032/cd8068904691101/intel-xeon-w-3345-lga4189-3-00ghz-36mb-tray,3485.9,Xeon w-3345,Intel,CPU_439492-ig800gg.jpg,https://ic.jimms.fi/product/9/7/439492-ig800gg.jpg,24 ydintä,48,3 ghz,36 mt,Lga4189,,250 w,
23,https://www.jimms.fi/fi/Product/Show/180654/100-000000078/amd-epyc-7282-sp3-2-8-ghz-64mb-tray,678.9,Epyc 7282,AMD,CPU_378518-ig800gg.jpg,https://ic.jimms.fi/product/1/1/378518-ig800gg.jpg,16,32,2.8 ghz,64 mb,Sp3,,120 w,
24,https://www.jimms.fi/fi/Product/Show/161264/bx8070110700f/intel-core-i7-10700f-lga1200-2-90-ghz-16mb-boxed,217.9,Core i7-10700f,Intel,CPU_288743-ig800gg.jpg,https://ic.jimms.fi/product/4/6/288743-ig800gg.jpg,8,16,2.90 ghz,16mb,Lga1200,,65w,
25,https://www.jimms.fi/fi/Product/Show/195759/bx8071514700kf/intel-core-i7-14700kf-lga1700-3-40-ghz-33mb-boxed,479.9,Core i7-14700kf,Intel,CPU_464822-ig800gg.jpg,https://ic.jimms.fi/product/2/7/464822-ig800gg.jpg,20 (8p + 12e),28,"3.4 ghz (base, p-core) / 2.5 ghz (base, e-core)",33 mb,Lga1700,,125w,
26,https://www.jimms.fi/fi/Product/Show/192038/pk8071305082000/intel-xeon-w5-3435x-lga4677-3-10ghz-45mb-tray,2232.9,Xeon w5-3435x,Intel,CPU_439510-ig800gg.jpg,https://ic.jimms.fi/product/1/9/439510-ig800gg.jpg,"16 (16 p-core, 0 e-core)",32,3.10 ghz (base),45 mb intel smart cache,Lga4677,,270 w,
27,https://www.jimms.fi/fi/Product/Show/178952/bx80715g7400/intel-pentium-gold-g7400-lga1700-3-70-ghz-6mb-boxed,103.9,Pentium gold g7400,Intel,CPU_385243-ig800gg.jpg,https://ic.jimms.fi/product/4/6/385243-ig800gg.jpg,2 (2p + 0e),4,3.70 ghz (base),6mb,Lga1700,,46w,Intel® uhd graphics 710
28,https://www.jimms.fi/fi/Product/Show/166059/100-100000063wof/amd-ryzen-7-5800x-am4-3-8-ghz-8-core-boxed,229.9,Ryzen 7 5800x,AMD,CPU_303973-ig800gg.jpg,https://ic.jimms.fi/product/7/6/303973-ig800gg.jpg,8,16,3.8 ghz,L2 cache: 4mb,Am4,,105w,
29,https://www.jimms.fi/fi/Product/Show/187553/100-000000797/amd-epyc-9634-sp5-2-25-ghz-84-core-tray,9152.9,Epyc 9634,AMD,CPU_416104-ig800gg.jpg,https://ic.jimms.fi/product/0/5/416104-ig800gg.jpg,84,168,2.25 ghz,384 mb,Sp5,,290 w,
30,https://www.jimms.fi/fi/Product/Show/192030/cd8068904691401/intel-xeon-w-3375-lga4189-2-50ghz-57mb-tray,6669.9,Xeon w-3375,Intel,CPU_439490-ig800gg.jpg,https://ic.jimms.fi/product/9/9/439490-ig800gg.jpg,38,76,2.5 ghz,57 mt,Lga4189,,270 w,
31,https://www.jimms.fi/fi/Product/Show/187569/100-000000796/amd-epyc-9174f-sp5-4-10-ghz-16-core-tray,4657.9,Epyc 9174f,AMD,CPU_416156-ig800gg.jpg,https://ic.jimms.fi/product/5/3/416156-ig800gg.jpg,16,32,4.1 ghz,256 mb,Sp5,,320 w,
32,https://www.jimms.fi/fi/Product/Show/141232/bx806734116/intel-xeon-silver-4116-lga3647-2-1ghz-16-5-mb-boxed,1216.9,Xeon silver 4116,Intel,CPU_201470-ig800gg.jpg,https://ic.jimms.fi/product/7/9/201470-ig800gg.jpg,12,24,2.10 ghz,16.5 mb,Lga3647,,85w,
33,https://www.jimms.fi/fi/Product/Show/166056/100-100000065box/amd-ryzen-5-5600x-am4-3-7-ghz-6-core-boxed,179.9,Ryzen 5 5600x,AMD,CPU_303968-ig800gg.jpg,https://ic.jimms.fi/product/6/1/303968-ig800gg.jpg,6,12,3.7 ghz,L2 cache: 3mb,Am4,Wraith stealth,65w,
34,https://www.jimms.fi/fi/Product/Show/176049/bx8071512700kf/intel-core-i7-12700kf-lga1700-3-60-ghz-25mb-boxed,341.9,Core i7-12700kf,Intel,CPU_356335-ig800gg.jpg,https://ic.jimms.fi/product/3/4/356335-ig800gg.jpg,12 (8p + 4e),20,3.60 ghz (base),25mb,Lga1700,,125w,
35,https://www.jimms.fi/fi/Product/Show/169823/bx8070110105/intel-core-i3-10105-lga1200-3-70-ghz-6mb-boxed,132.9,Core i3-10105,Intel,CPU_332826-ig800gg.jpg,https://ic.jimms.fi/product/2/3/332826-ig800gg.jpg,4,8,3.70 ghz (base),6mb,Lga1200,,65w,Intel® uhd graphics 630
36,https://www.jimms.fi/fi/Product/Show/180899/100-100000644box/amd-ryzen-5-4500-am4-3-6-ghz-6-core-boxed,84.9,Ryzen 5 4500,AMD,CPU_383490-ig800gg.jpg,https://ic.jimms.fi/product/9/9/383490-ig800gg.jpg,6,12,3.6 ghz,8mb,Am4,Amd wraith stealth,65w,
37,https://www.jimms.fi/fi/Product/Show/154669/bx806738160/intel-xeon-platinum-8160-lga3647-2-10-ghz-33mb-boxed,5603.9,Xeon platinum 8160,Intel,CPU_255867-ig800gg.jpg,https://ic.jimms.fi/product/6/2/255867-ig800gg.jpg,24,48,2.10 ghz,33 mb,Lga3647,,150w,
38,https://www.jimms.fi/fi/Product/Show/161255/bx8070110400/intel-core-i5-10400-lga1200-2-90-ghz-12mb-boxed,170.9,Core i5-10400,Intel,CPU_286765-ig800gg.jpg,https://ic.jimms.fi/product/6/4/286765-ig800gg.jpg,6,12,2.90 ghz,12mb,Lga1200,,65w,Intel® uhd graphics 630
39,https://www.jimms.fi/fi/Product/Show/191494/bx807132465x/intel-xeon-w5-2465x-lga4677-3-10ghz-33-75mb-boxed,1890.9,Xeon w5-2465x,Intel,CPU_436527-ig800gg.jpg,https://ic.jimms.fi/product/2/2/436527-ig800gg.jpg,"16 (16 p-core, 0 e-core)",32,3.10 ghz (base),33.75 mb intel smart cache,Lga4677,,200 w,
40,https://www.jimms.fi/fi/Product/Show/154700/bx806956248/intel-xeon-gold-6248-lga3647-2-50-ghz-27-5-mb-boxed,4300.9,Xeon gold 6248,Intel,CPU_255947-ig800gg.jpg,https://ic.jimms.fi/product/4/2/255947-ig800gg.jpg,20,40,2.50 ghz,27.5 mb,Lga3647,,150w,
41,https://www.jimms.fi/fi/Product/Show/195761/bx8071514900kf/intel-core-i9-14900kf-lga1700-3-20-ghz-36mb-boxed,669.9,Core i9-14900kf,Intel,CPU_464824-ig800gg.jpg,https://ic.jimms.fi/product/2/5/464824-ig800gg.jpg,24 (8p + 16e),32,"3.2 ghz (base, p-core) / 2.4 ghz (base, e-core)",36 mb,Lga1700,,125w,
42,https://www.jimms.fi/fi/Product/Show/187651/bx8071513100/intel-core-i3-13100-lga1700-3-40-ghz-12mb-boxed,168.9,Core i3-13100,Intel,CPU_420907-ig800gg.jpg,https://ic.jimms.fi/product/0/2/420907-ig800gg.jpg,4 (4p + 0e),8,"3.40 ghz (base, p-core) / n/a ghz (base, e-core)",12 mb,Lga1700,Intel laminar rh1 cooler,60w,Intel® uhd graphics 730
43,https://www.jimms.fi/fi/Product/Show/183347/100-100000446wof/amd-ryzen-threadripper-pro-5965wx-swrx8-3-8ghz-141-5mb-24-core,2649.9,Ryzen threadripper pro 5965wx,AMD,CPU_393663-ig800gg.jpg,https://ic.jimms.fi/product/6/6/393663-ig800gg.jpg,24,48,3.8 ghz,L1: 1.5 mb,Swrx8,,280w,
44,https://www.jimms.fi/fi/Product/Show/180895/100-100000926wof/amd-ryzen-7-5700x-am4-3-4-ghz-8-core-boxed,209.9,Ryzen 7 5700x,AMD,CPU_380808-ig800gg.jpg,https://ic.jimms.fi/product/0/1/380808-ig800gg.jpg,8,16,3.4 ghz,32mb,Am4,,65w,
45,https://www.jimms.fi/fi/Product/Show/187645/bx8071513900f/intel-core-i9-13900f-lga1700-2-00-ghz-36mb-boxed,646.9,Core i9-13900f,Intel,CPU_420882-ig800gg.jpg,https://ic.jimms.fi/product/8/7/420882-ig800gg.jpg,24 (8p + 16e),32,"2.00 ghz (base, p-core) / 1.50 ghz (base, e-core)",36 mb,Lga1700,Intel laminar rh1 cooler,65w,No
46,https://www.jimms.fi/fi/Product/Show/181565/100-000000504/amd-epyc-7773x-sp3-2-20-ghz-64-core-tray,9363.9,Epyc 7773x,AMD,CPU_383946-ig800gg.jpg,https://ic.jimms.fi/product/4/3/383946-ig800gg.jpg,64,128,2.2 ghz,768 mb,Sp3,,280 w,
47,https://www.jimms.fi/fi/Product/Show/154703/bx806956230/intel-xeon-gold-6230-lga3647-2-10-ghz-27-5-mb-boxed,2701.9,Xeon gold 6230,Intel,CPU_255950-ig800gg.jpg,https://ic.jimms.fi/product/5/9/255950-ig800gg.jpg,20,40,2.10 ghz,27.5 mb,Lga3647,,125w,
48,https://www.jimms.fi/fi/Product/Show/191498/bx807132495x/intel-xeon-w7-2495x-lga4677-2-50ghz-45mb-boxed,2622.9,Xeon w7-2495x,Intel,CPU_436531-ig800gg.jpg,https://ic.jimms.fi/product/3/8/436531-ig800gg.jpg,"24 (24 p-core, 0 e-core)",48,2.50 ghz (base),45 mb intel smart cache,Lga4677,,225 w,
49,https://www.jimms.fi/fi/Product/Show/173336/100-100000263box/amd-ryzen-7-5700g-am4-3-8-ghz-8-core-boxed,209.9,Ryzen 7 5700g,AMD,CPU_346350-ig800gg.jpg,https://ic.jimms.fi/product/5/9/346350-ig800gg.jpg,8,16,3.8 ghz,L2 cache: 4mb,Am4,Wraith stealth,65w,Radeon vega 8 -sarja
50,https://www.jimms.fi/fi/Product/Show/154710/bx806956234/intel-xeon-gold-6234-lga3647-3-30-ghz-24-75-mb-boxed,3441.9,Xeon gold 6234,Intel,CPU_255957-ig800gg.jpg,https://ic.jimms.fi/product/5/2/255957-ig800gg.jpg,8,16,3.30 ghz,24.75 mb,Lga3647,,130w,
51,https://www.jimms.fi/fi/Product/Show/123432/bx80660e52683v4/intel-xeon-e5-2683-v4-lga2011-3-2-1ghz-40mb-boxed,2202.9,Xeon e5-2683 v4,Intel,CPU_146326-ig800gg.jpg,https://ic.jimms.fi/product/2/3/146326-ig800gg.jpg,16,32,2.10 ghz,40 mb,Lga2011-3,,120 w,
52,https://www.jimms.fi/fi/Product/Show/185915/100-100000447wof/amd-ryzen-threadripper-pro-5955wx-swrx8-4-0ghz-73mb-16-core,1399.9,Ryzen threadripper pro 5955wx,AMD,CPU_406767-ig800gg.jpg,https://ic.jimms.fi/product/6/2/406767-ig800gg.jpg,16,32,4.0 ghz,L1: 1 mb,Swrx8,,280w,
53,https://www.jimms.fi/fi/Product/Show/184472/bx8071513700k/intel-core-i7-13700k-lga1700-3-40-ghz-30mb-boxed,479.9,Core i7-13700k,Intel,CPU_405410-ig800gg.jpg,https://ic.jimms.fi/product/1/9/405410-ig800gg.jpg,16 (8p + 8e),24,"3.40 ghz (base, p-core) / 2.50 ghz (base, e-core)",30 mb,Lga1700,,125w,Intel® uhd graphics 770
54,https://www.jimms.fi/fi/Product/Show/182114/100-000000041-bst2/amd-b-stock-epyc-7262-sp3-3-2-ghz-128mb-tray,269.9,(b-stock) epyc 7262,AMD,CPU_386898-ig800gg.jpg,https://ic.jimms.fi/product/9/1/386898-ig800gg.jpg,8,16,3.2 ghz,128 mb,Sp3,,155 w,
55,https://www.jimms.fi/fi/Product/Show/192207/cm8071504820403/intel-core-i9-13900t-lga1700-1-10-ghz-36mb-tray,653.9,Core i9-13900t,Intel,CPU_440407-ig800gg.jpg,https://ic.jimms.fi/product/0/2/440407-ig800gg.jpg,24 (8p + 16e),32,"1.10 ghz (base, p-core) / 0.80 ghz (base, e-core)",36 mb,Lga1700,,35w,Intel® uhd graphics 770
56,https://www.jimms.fi/fi/Product/Show/187564/100-000000798/amd-epyc-9354-sp5-3-25-ghz-32-core-tray,3645.9,Epyc 9354,AMD,CPU_416141-ig800gg.jpg,https://ic.jimms.fi/product/4/8/416141-ig800gg.jpg,32,64,3.25 ghz,256 mb,Sp5,,280 w,
57,https://www.jimms.fi/fi/Product/Show/180901/100-100000147box/amd-ryzen-5-4600g-am4-3-7-ghz-6-core-radeon-graphics-boxed,109.9,Ryzen 5 4600g,AMD,CPU_386624-ig800gg.jpg,https://ic.jimms.fi/product/2/5/386624-ig800gg.jpg,6,12,3.7 ghz,8mb,Am4,Tbd,65w,Radeon graphics
58,https://www.jimms.fi/fi/Product/Show/196455/100-000000875/amd-epyc-8534p-sp6-2-3-ghz-64-core-tray,4888.9,Epyc 8534p,AMD,CPU_463869-ig800gg.jpg,https://ic.jimms.fi/product/6/0/463869-ig800gg.jpg,64,128,2.3 ghz,128 mb,Sp6,,200 w,
59,https://www.jimms.fi/fi/Product/Show/181562/100-000000508/amd-epyc-7373x-sp3-3-05-ghz-16-core-tray,4459.9,Epyc 7373x,AMD,CPU_383940-ig800gg.jpg,https://ic.jimms.fi/product/4/9/383940-ig800gg.jpg,16,32,3.05 ghz,768 mb,Sp3,,240 w,
60,https://www.jimms.fi/fi/Product/Show/180896/100-100000927box/amd-ryzen-5-5600-am4-3-5-ghz-6-core-boxed,149.9,Ryzen 5 5600,AMD,CPU_380809-ig800gg.jpg,https://ic.jimms.fi/product/0/0/380809-ig800gg.jpg,6,12,3.5 ghz,32mb,Am4,Amd wraith stealth,65w,
61,https://www.jimms.fi/fi/Product/Show/191503/pk8071305128700/intel-xeon-w3-2435-lga4677-3-10ghz-22-5mb-tray,901.9,Xeon w3-2435,Intel,CPU_436535-ig800gg.jpg,https://ic.jimms.fi/product/3/4/436535-ig800gg.jpg,"8 (8 p-core, 0 e-core)",16,3.10 ghz (base),22.5 mb intel smart cache,Lga4677,,165 w,
62,https://www.jimms.fi/fi/Product/Show/165641/bx8070110100f/intel-core-i3-10100f-lga1200-3-60-ghz-6mb-boxed,77.9,Core i3-10100f,Intel,CPU_301919-ig800gg.jpg,https://ic.jimms.fi/product/1/0/301919-ig800gg.jpg,4,8,3.60 ghz,6mb,Lga1200,,65w,
63,https://www.jimms.fi/fi/Product/Show/178217/bx8071512900/intel-core-i9-12900-lga1700-2-40-ghz-30mb-boxed,549.9,Core i9-12900,Intel,CPU_366589-ig800gg.jpg,https://ic.jimms.fi/product/8/0/366589-ig800gg.jpg,16 (8p + 8e),24,2.4 ghz (base),30mb,Lga1700,,65w,Intel® uhd graphics 770
64,https://www.jimms.fi/fi/Product/Show/187566/100-000000794/amd-epyc-9274f-sp5-4-05-ghz-24-core-tray,3285.9,Epyc 9274f,AMD,CPU_416147-ig800gg.jpg,https://ic.jimms.fi/product/4/2/416147-ig800gg.jpg,24,48,4.05 ghz,256 mb,Sp5,,320 w,
65,https://www.jimms.fi/fi/Product/Show/195756/bx8071514600k/intel-core-i5-14600k-lga1700-3-50-ghz-24mb-boxed,379.9,Core i5-14600k,Intel,CPU_464821-ig800gg.jpg,https://ic.jimms.fi/product/2/8/464821-ig800gg.jpg,14 (6p + 8e),20,"3.5 ghz (base, p-core) / 2.6 ghz (base, e-core)",24 mb,Lga1700,,125w,Intel® uhd graphics 770
66,https://www.jimms.fi/fi/Product/Show/187565/100-000000800/amd-epyc-9334-sp5-2-70-ghz-32-core-tray,3471.9,Epyc 9334,AMD,CPU_416144-ig800gg.jpg,https://ic.jimms.fi/product/4/5/416144-ig800gg.jpg,32,64,2.7 ghz,128 mb,Sp5,,210 w,
67,https://www.jimms.fi/fi/Product/Show/196452/100-000001172/amd-epyc-8534pn-sp6-2-0-ghz-64-core-tray,5377.9,Epyc 8534pn,AMD,CPU_463866-ig800gg.jpg,https://ic.jimms.fi/product/6/3/463866-ig800gg.jpg,64,128,2.0 ghz,128 mb,Sp6,,175 w,
68,https://www.jimms.fi/fi/Product/Show/184474/bx8071513600k/intel-core-i5-13600k-lga1700-3-50-ghz-24mb-boxed,369.9,Core i5-13600k,Intel,CPU_405404-ig800gg.jpg,https://ic.jimms.fi/product/0/5/405404-ig800gg.jpg,14 (6p + 8e),20,"3.50 ghz (base, p-core) / 2.60 ghz (base, e-core)",24 mb,Lga1700,,125w,Intel® uhd graphics 770
69,https://www.jimms.fi/fi/Product/Show/178220/bx8071512700f/intel-core-i7-12700f-lga1700-2-10-ghz-25mb-boxed,332.9,Core i7-12700f,Intel,CPU_366586-ig800gg.jpg,https://ic.jimms.fi/product/8/3/366586-ig800gg.jpg,12 (8p + 4e),20,2.10 ghz (base),25mb,Lga1700,,65w,
70,https://www.jimms.fi/fi/Product/Show/161250/bx80701g6500/intel-pentium-gold-g6500-lga1200-4-10-ghz-4mb-boxed,136.9,Pentium gold g6500,Intel,CPU_288747-ig800gg.jpg,https://ic.jimms.fi/product/4/2/288747-ig800gg.jpg,2,4,4.10 ghz,4mb,Lga1200,,58w,Intel® uhd graphics 610
71,https://www.jimms.fi/fi/Product/Show/187552/100-000000789/amd-epyc-9654-sp5-2-40-ghz-96-core-tray,10126.9,Epyc 9654,AMD,CPU_416101-ig800gg.jpg,https://ic.jimms.fi/product/0/8/416101-ig800gg.jpg,96,192,2.4 ghz,384 mb,Sp5,,360 w,
72,https://www.jimms.fi/fi/Product/Show/187568/100-000000939/amd-epyc-9224-sp5-2-50-ghz-24-core-tray,2201.9,Epyc 9224,AMD,CPU_416153-ig800gg.jpg,https://ic.jimms.fi/product/5/6/416153-ig800gg.jpg,24,48,2.5 ghz,64 mb,Sp5,,200 w,
73,https://www.jimms.fi/fi/Product/Show/166062/100-100000059wof/amd-ryzen-9-5950x-am4-3-4-ghz-16-core-boxed,519.9,Ryzen 9 5950x,AMD,CPU_303985-ig800gg.jpg,https://ic.jimms.fi/product/8/4/303985-ig800gg.jpg,16,32,3.4 ghz,L2 cache: 8mb,Am4,,105w,
74,https://www.jimms.fi/fi/Product/Show/164084/bx80701g5925/intel-celeron-g5925-lga1200-3-60-ghz-4mb-boxed,80.9,Celeron g5925,Intel,CPU_294446-ig800gg.jpg,https://ic.jimms.fi/product/4/3/294446-ig800gg.jpg,2,2,3.60 ghz,4mb,Lga1200,,58w,Intel® uhd graphics 610
75,https://www.jimms.fi/fi/Product/Show/192031/cd8068904691303/intel-xeon-w-3365-lga4189-2-70ghz-48mb-tray,5189.9,Xeon w-3365,Intel,CPU_439491-ig800gg.jpg,https://ic.jimms.fi/product/9/8/439491-ig800gg.jpg,32-core,64,2.7 ghz,48 mt,Lga4189,,270 w,
76,https://www.jimms.fi/fi/Product/Show/195758/bx8071514700k/intel-core-i7-14700k-lga1700-3-40-ghz-33mb-boxed,499.9,Core i7-14700k,Intel,CPU_464823-ig800gg.jpg,https://ic.jimms.fi/product/2/6/464823-ig800gg.jpg,20 (8p + 12e),28,"3.4 ghz (base, p-core) / 2.5 ghz (base, e-core)",33 mb,Lga1700,,125w,Intel® uhd graphics 770
77,https://www.jimms.fi/fi/Product/Show/191502/pk8071305129101/intel-xeon-w3-2425-lga4677-3-00ghz-15mb-tray,817.9,Xeon w3-2425,Intel,CPU_436534-ig800gg.jpg,https://ic.jimms.fi/product/3/5/436534-ig800gg.jpg,"6 (6 p-core, 0 e-core)",12,3.00 ghz (base),15 mb intel smart cache,Lga4677,,130 w,
78,https://www.jimms.fi/fi/Product/Show/192037/pk8071305082100/intel-xeon-w5-3425-lga4677-3-20ghz-30mb-tray,1806.9,Xeon w5-3425,Intel,CPU_439503-ig800gg.jpg,https://ic.jimms.fi/product/0/6/439503-ig800gg.jpg,"12 (12 p-core, 0 e-core)",24,3.20 ghz (base),30 mb intel smart cache,Lga4677,,270 w,
79,https://www.jimms.fi/fi/Product/Show/187646/bx8071513700/intel-core-i7-13700-lga1700-2-10-ghz-30mb-boxed,468.9,Core i7-13700,Intel,CPU_420873-ig800gg.jpg,https://ic.jimms.fi/product/7/6/420873-ig800gg.jpg,16 (8p + 8e),24,"2.10 ghz (base, p-core) / 1.50 ghz (base, e-core)",30 mb,Lga1700,Intel laminar rh1 cooler,65w,Intel® uhd graphics 770
80,https://www.jimms.fi/fi/Product/Show/191496/bx807132475x/intel-xeon-w7-2475x-lga4677-2-60ghz-37-5mb-boxed,2396.9,Xeon w7-2475x,Intel,CPU_436529-ig800gg.jpg,https://ic.jimms.fi/product/2/0/436529-ig800gg.jpg,"20 (20 p-core, 0 e-core)",40,2.60 ghz (base),37.5 mb intel smart cache,Lga4677,,225 w,
81,https://www.jimms.fi/fi/Product/Show/187648/bx8071513500/intel-core-i5-13500-lga1700-2-50-ghz-24mb-boxed,285.9,Core i5-13500,Intel,CPU_420870-ig800gg.jpg,https://ic.jimms.fi/product/7/9/420870-ig800gg.jpg,14 (6p + 8e),20,"2.50 ghz (base, p-core) / 1.80 ghz (base, e-core)",24 mb,Lga1700,Intel laminar rh1 cooler,65w,Intel® uhd graphics 770
82,https://www.jimms.fi/fi/Product/Show/178218/bx8071512900f/intel-core-i9-12900f-lga1700-2-40-ghz-30mb-boxed,508.9,Core i9-12900f,Intel,CPU_366592-ig800gg.jpg,https://ic.jimms.fi/product/9/7/366592-ig800gg.jpg,16 (8p + 8e),24,2.4 ghz (base),30mb,Lga1700,,65w,
83,https://www.jimms.fi/fi/Product/Show/192033/cd8068904708502/intel-xeon-w-3323-lga4189-3-50ghz-21mb-tray,1413.9,Xeon w-3323,Intel,CPU_439493-ig800gg.jpg,https://ic.jimms.fi/product/9/6/439493-ig800gg.jpg,12,24,3.5 ghz,21 mt,Lga4189,,220 w,
84,https://www.jimms.fi/fi/Product/Show/152213/100-100000031box/amd-ryzen-5-3600-am4-3-6-ghz-6-core,89.9,Ryzen 5 3600,AMD,CPU_247050-ig800gg.jpg,https://ic.jimms.fi/product/5/9/247050-ig800gg.jpg,6,12,Max boost: 4.20 ghz,L2: 3mb,Amd am4,Wraith stealth,65w,
85,https://www.jimms.fi/fi/Product/Show/176047/bx8071512900kf/intel-core-i9-12900kf-lga1700-3-20-ghz-30mb-boxed,450.9,Core i9-12900kf,Intel,CPU_356341-ig800gg.jpg,https://ic.jimms.fi/product/4/8/356341-ig800gg.jpg,16 (8p + 8e),24,3.20 ghz (base),30mb,Lga1700,,125w,
86,https://www.jimms.fi/fi/Product/Show/161260/bx8070110600/intel-core-i5-10600-lga1200-3-30-ghz-12mb-boxed,323.9,Core i5-10600,Intel,CPU_288740-ig800gg.jpg,https://ic.jimms.fi/product/4/9/288740-ig800gg.jpg,6,12,3.30 ghz,12mb,Lga1200,,65w,Intel® uhd graphics 630
87,https://www.jimms.fi/fi/Product/Show/161263/bx8070110700/intel-core-i7-10700-lga1200-2-90-ghz-16mb-boxed,261.9,Core i7-10700,Intel,CPU_288742-ig800gg.jpg,https://ic.jimms.fi/product/4/7/288742-ig800gg.jpg,8,16,2.90 ghz,16mb,Lga1200,,65w,Intel® uhd graphics 630
88,https://www.jimms.fi/fi/Product/Show/192025/cd8069504248402/intel-xeon-w-3223-lga3647-3-50ghz-16-5mb-tray,986.9,Xeon w-3223,Intel,CPU_439485-ig800gg.jpg,https://ic.jimms.fi/product/8/4/439485-ig800gg.jpg,8,16,3.5 ghz,16.5 mt,Lga3647,,160 w,
89,https://www.jimms.fi/fi/Product/Show/195757/bx8071514600kf/intel-core-i5-14600kf-lga1700-3-50-ghz-24mb-boxed,359.9,Core i5-14600kf,Intel,CPU_464820-ig800gg.jpg,https://ic.jimms.fi/product/2/9/464820-ig800gg.jpg,14 (6p + 8e),20,"3.5 ghz (base, p-core) / 2.6 ghz (base, e-core)",24 mb,Lga1700,,125w,
90,https://www.jimms.fi/fi/Product/Show/191492/bx807132455x/intel-xeon-w5-2455x-lga4677-3-20ghz-30mb-boxed,1246.9,Xeon w5-2455x,Intel,CPU_436525-ig800gg.jpg,https://ic.jimms.fi/product/2/4/436525-ig800gg.jpg,"12 (12 p-core, 0 e-core)",24,3.20 ghz (base),30 mb intel smart cache,Lga4677,,200 w,
91,https://www.jimms.fi/fi/Product/Show/187650/bx8071513400f/intel-core-i5-13400f-lga1700-2-50-ghz-20mb-boxed,239.9,Core i5-13400f,Intel,CPU_420867-ig800gg.jpg,https://ic.jimms.fi/product/6/2/420867-ig800gg.jpg,10 (6p + 4e),16,"2.50 ghz (base, p-core) / 1.80 ghz (base, e-core)",20 mb,Lga1700,Intel laminar rh1 cooler,65w,No
92,https://www.jimms.fi/fi/Product/Show/123424/bx80660e52660v4/intel-xeon-e5-2660-v4-lga2011-3-2ghz-35mb-boxed,1753.9,Xeon e5-2660 v4,Intel,CPU_146317-ig800gg.jpg,https://ic.jimms.fi/product/1/2/146317-ig800gg.jpg,14,28,2.00 ghz,35 mb,Lga2011-3,,105 w,
93,https://www.jimms.fi/fi/Product/Show/178219/bx8071512700/intel-core-i7-12700-lga1700-2-10-ghz-25mb-boxed,363.9,Core i7-12700,Intel,CPU_366583-ig800gg.jpg,https://ic.jimms.fi/product/8/6/366583-ig800gg.jpg,12 (8p + 4e),20,2.1 ghz (base),25mb,Lga1700,,65w,Intel® uhd graphics 770
94,https://www.jimms.fi/fi/Product/Show/169807/bx8070811600k/intel-core-i5-11600k-lga1200-3-90-ghz-12mb-boxed,220.9,Core i5-11600k,Intel,CPU_329941-ig800gg.jpg,https://ic.jimms.fi/product/4/8/329941-ig800gg.jpg,6,12,3.90 ghz (base),12mb,Lga1200,,125w,Intel® uhd graphics 750
95,https://www.jimms.fi/fi/Product/Show/192028/cd8069504439102/intel-xeon-w-2235-lga2066-3-80ghz-8-25mb-tray,828.9,Xeon w-2235,Intel,CPU_439488-ig800gg.jpg,https://ic.jimms.fi/product/8/1/439488-ig800gg.jpg,6,12,3.8 ghz,8.25 mt,Lga2066,,130 w,
96,https://www.jimms.fi/fi/Product/Show/154704/bx806955218/intel-xeon-gold-5218-lga3647-2-30-ghz-22mb-boxed,1779.9,Xeon gold 5218,Intel,CPU_255951-ig800gg.jpg,https://ic.jimms.fi/product/5/8/255951-ig800gg.jpg,16,32,2.30 ghz,22 mb,Lga3647,,125w,
97,https://www.jimms.fi/fi/Product/Show/178226/bx8071512100f/intel-core-i3-12100f-lga1700-3-30-ghz-12mb-boxed,106.9,Core i3-12100f,Intel,CPU_370066-ig800gg.jpg,https://ic.jimms.fi/product/6/3/370066-ig800gg.jpg,4 (4p + 0e),8,3.30 ghz (base),12mb,Lga1700,,58w,
98,https://www.jimms.fi/fi/Product/Show/191495/pk8071305127000/intel-xeon-w5-2465x-lga4677-3-10ghz-33-75mb-tray,1722.9,Xeon w5-2465x,Intel,CPU_436528-ig800gg.jpg,https://ic.jimms.fi/product/2/1/436528-ig800gg.jpg,"16 (16 p-core, 0 e-core)",32,3.10 ghz (base),33.75 mb intel smart cache,Lga4677,,200 w,
99,https://www.jimms.fi/fi/Product/Show/192026/cd8069504152705/intel-xeon-w-3225-lga3647-3-70ghz-16-5mb-tray,1577.9,Xeon w-3225,Intel,CPU_439486-ig800gg.jpg,https://ic.jimms.fi/product/8/3/439486-ig800gg.jpg,8,16,3.7 ghz,16.5 mt,Lga3647,,160 w,
100,https://www.jimms.fi/fi/Product/Show/188073/100-100001015box/amd-ryzen-5-7600-am5-3-8-ghz-6-core-boxed,254.9,Ryzen 5 7600,AMD,CPU_423369-ig800gg.jpg,https://ic.jimms.fi/product/6/0/423369-ig800gg.jpg,6,12,3.8 ghz,32mb,Am5,,65w,Amd radeon graphics
101,https://www.jimms.fi/fi/Product/Show/161249/bx80701g6400/intel-pentium-gold-g6400-lga1200-4-00-ghz-4mb-boxed,84.9,Pentium gold g6400,Intel,CPU_288746-ig800gg.jpg,https://ic.jimms.fi/product/4/3/288746-ig800gg.jpg,2,4,4.00 ghz,4mb,Lga1200,,58w,Intel® uhd graphics 610
102,https://www.jimms.fi/fi/Product/Show/191504/pk8071305127400/intel-xeon-w5-2445-lga4677-3-10ghz-26-25mb-tray,1135.9,Xeon w5-2445,Intel,CPU_436537-ig800gg.jpg,https://ic.jimms.fi/product/3/2/436537-ig800gg.jpg,"10 (10 p-core, 0 e-core)",20,3.10 ghz (base),26.25 mb intel smart cache,Lga4677,,175 w,
103,https://www.jimms.fi/fi/Product/Show/169814/bx8070811700kf/intel-core-i7-11700kf-lga1200-3-60-ghz-16mb-boxed,304.9,Core i7-11700kf,Intel,CPU_329946-ig800gg.jpg,https://ic.jimms.fi/product/4/3/329946-ig800gg.jpg,8,16,3.60 ghz (base),16mb,Lga1200,,125w,
104,https://www.jimms.fi/fi/Product/Show/186663/p15974-b21/hp-enterprise-xeon-silver-4210r-lga3647-2-40-ghz-13-75-mb,914.9,Xeon silver 4210r,HP Enterprise,CPU_410927-ig800gg.jpg,https://ic.jimms.fi/product/2/2/410927-ig800gg.jpg,10,,2.4 ghz,13.75 mt,,,100 w,
105,https://www.jimms.fi/fi/Product/Show/169818/bx8070811400f/intel-core-i5-11400f-lga1200-2-60-ghz-12mb-boxed,133.9,Core i5-11400f,Intel,CPU_329938-ig800gg.jpg,https://ic.jimms.fi/product/3/1/329938-ig800gg.jpg,6,12,2.60 ghz (base),12mb,Lga1200,,65w,
106,https://www.jimms.fi/fi/Product/Show/192036/bx807133475x/intel-xeon-w9-3475x-lga4677-2-20ghz-82-5mb-boxed,4480.9,Xeon w9-3475x,Intel,CPU_439496-ig800gg.jpg,https://ic.jimms.fi/product/9/3/439496-ig800gg.jpg,"36 (36 p-core, 0 e-core)",72,2.20 ghz (base),82.5 mb intel smart cache,Lga4677,,300 w,
107,https://www.jimms.fi/fi/Product/Show/187644/bx8071513900/intel-core-i9-13900-lga1700-2-00-ghz-36mb-boxed,686.9,Core i9-13900,Intel,CPU_420879-ig800gg.jpg,https://ic.jimms.fi/product/7/0/420879-ig800gg.jpg,24 (8p + 16e),32,"2.00 ghz (base, p-core) / 1.50 ghz (base, e-core)",36 mb,Lga1700,Intel laminar rh1 cooler,65w,Intel® uhd graphics 770
108,https://www.jimms.fi/fi/Product/Show/196453/100-000001133/amd-epyc-8324p-sp6-2-65-ghz-32-core-tray,2484.9,Epyc 8324p,AMD,CPU_463867-ig800gg.jpg,https://ic.jimms.fi/product/6/2/463867-ig800gg.jpg,32,64,2.65 ghz,128 mb,Sp6,,180 w,
109,https://www.jimms.fi/fi/Product/Show/188805/100-100000908wof/amd-ryzen-9-7950x3d-am5-4-2-ghz-16-core-wof,759.9,Ryzen 9 7950x3d,AMD,CPU_428637-ig800gg.jpg,https://ic.jimms.fi/product/3/2/428637-ig800gg.jpg,16,32,4.2 ghz,128mb,Am5,,120w,Amd radeon graphics
110,https://www.jimms.fi/fi/Product/Show/169809/bx8070811700/intel-core-i7-11700-lga1200-2-50-ghz-16mb-boxed,247.9,Core i7-11700,Intel,CPU_329943-ig800gg.jpg,https://ic.jimms.fi/product/4/6/329943-ig800gg.jpg,8,16,2.50 ghz (base),16mb,Lga1200,,65w,Intel® uhd graphics 750
111,https://www.jimms.fi/fi/Product/Show/192039/pk8071305081900/intel-xeon-w7-3445-lga4677-2-60ghz-52-5mb-tray,2696.9,Xeon w7-3445,Intel,CPU_439511-ig800gg.jpg,https://ic.jimms.fi/product/1/8/439511-ig800gg.jpg,"20 (20 p-core, 0 e-core)",40,2.60 ghz (base),52.5 mb intel smart cache,Lga4677,,270 w,
112,https://www.jimms.fi/fi/Product/Show/187559/100-000000788/amd-epyc-9474f-sp5-3-60-ghz-48-core-tray,8201.9,Epyc 9474f,AMD,CPU_416126-ig800gg.jpg,https://ic.jimms.fi/product/2/3/416126-ig800gg.jpg,48,96,3.6 ghz,256 mb,Sp5,,360 w,
113,https://www.jimms.fi/fi/Product/Show/176051/bx8071512600kf/intel-core-i5-12600kf-lga1700-3-70-ghz-20mb-boxed,229.9,Core i5-12600kf,Intel,CPU_356328-ig800gg.jpg,https://ic.jimms.fi/product/2/1/356328-ig800gg.jpg,10 (6p + 4e),16,3.70 ghz (base),20mb,Lga1700,,125w,
114,https://www.jimms.fi/fi/Product/Show/149447/bx80673w3175x/intel-xeon-w-3175x-lga3647-3-1-ghz-38-5-mb-boxed,3489.9,Xeon w-3175x,Intel,CPU_233620-ig800gg.jpg,https://ic.jimms.fi/product/2/9/233620-ig800gg.jpg,28,56,3.10 ghz,38.5 mb,Lga3647,,255w,
115,https://www.jimms.fi/fi/Product/Show/180900/100-100000510box/amd-ryzen-3-4100-am4-3-8-ghz-4-core-boxed,74.9,Ryzen 3 4100,AMD,CPU_383491-ig800gg.jpg,https://ic.jimms.fi/product/9/8/383491-ig800gg.jpg,4,8,3.8 ghz,4mb,Am4,Amd wraith stealth,65w,
116,https://www.jimms.fi/fi/Product/Show/196454/100-000000877/amd-epyc-8434p-sp6-2-5-ghz-48-core-tray,3470.9,Epyc 8434p,AMD,CPU_463868-ig800gg.jpg,https://ic.jimms.fi/product/6/1/463868-ig800gg.jpg,48,96,2.5 ghz,128 mb,Sp6,,200 w,
117,https://www.jimms.fi/fi/Product/Show/184604/100-100000591wof/amd-ryzen-7-7700x-am5-4-5-ghz-8-core-wof,374.9,Ryzen 7 7700x,AMD,CPU_416529-ig800gg.jpg,https://ic.jimms.fi/product/2/0/416529-ig800gg.jpg,8,16,4.5 ghz,32mb,Am5,,105w,Amd radeon graphics
118,https://www.jimms.fi/fi/Product/Show/191500/pk8071305129200/intel-xeon-w3-2423-lga4677-2-10ghz-15mb-tray,489.9,Xeon w3-2423,Intel,CPU_436533-ig800gg.jpg,https://ic.jimms.fi/product/3/6/436533-ig800gg.jpg,"6 (6 p-core, 0 e-core)",12,2.10 ghz (base),15 mb intel smart cache,Lga4677,,120 w,
119,https://www.jimms.fi/fi/Product/Show/187560/100-000000873/amd-epyc-9454p-sp5-2-75-ghz-48-core-tray,4969.9,Epyc 9454p,AMD,CPU_416129-ig800gg.jpg,https://ic.jimms.fi/product/2/0/416129-ig800gg.jpg,48,96,2.75 ghz,256 mb,Sp5,,290 w,
120,https://www.jimms.fi/fi/Product/Show/154706/bx806954214/intel-xeon-silver-4214-lga3647-2-20-ghz-16-5-mb-boxed,884.9,Xeon silver 4214,Intel,CPU_255953-ig800gg.jpg,https://ic.jimms.fi/product/5/6/255953-ig800gg.jpg,12,24,2.20 ghz,16.5 mb,Lga3647,,85w,
121,https://www.jimms.fi/fi/Product/Show/184473/bx8071513700kf/intel-core-i7-13700kf-lga1700-3-40-ghz-30mb-boxed,472.9,Core i7-13700kf,Intel,CPU_405413-ig800gg.jpg,https://ic.jimms.fi/product/1/6/405413-ig800gg.jpg,16 (8p + 8e),24,"3.40 ghz (base, p-core) / 2.50 ghz (base, e-core)",30 mb,Lga1700,,125w,
122,https://www.jimms.fi/fi/Product/Show/187551/100-000000803/amd-epyc-9654p-sp5-2-40-ghz-96-core-tray,10177.9,Epyc 9654p,AMD,CPU_416098-ig800gg.jpg,https://ic.jimms.fi/product/9/1/416098-ig800gg.jpg,96,192,2.4 ghz,384 mb,Sp5,,360 w,
123,https://www.jimms.fi/fi/Product/Show/169824/bx8070110105f/intel-core-i3-10105f-lga1200-3-70-ghz-6mb-boxed,79.9,Core i3-10105f,Intel,CPU_332827-ig800gg.jpg,https://ic.jimms.fi/product/2/2/332827-ig800gg.jpg,4,8,3.70 ghz (base),6mb,Lga1200,,65w,
124,https://www.jimms.fi/fi/Product/Show/180897/100-100000457box/amd-ryzen-5-5500-am4-3-6-ghz-6-core-boxed,109.9,Ryzen 5 5500,AMD,CPU_380810-ig800gg.jpg,https://ic.jimms.fi/product/1/9/380810-ig800gg.jpg,6,12,3.6 ghz,16mb,Am4,Amd wraith stealth,65w,
125,https://www.jimms.fi/fi/Product/Show/176046/bx8071512900k/intel-core-i9-12900k-lga1700-3-20-ghz-30mb-boxed,471.9,Core i9-12900k,Intel,CPU_356336-ig800gg.jpg,https://ic.jimms.fi/product/3/3/356336-ig800gg.jpg,16 (8p + 8e),24,3.20 ghz (base),30mb,Lga1700,,125w,Intel® uhd graphics 770
126,https://www.jimms.fi/fi/Product/Show/196450/100-000001162/amd-epyc-8324pn-sp6-2-05-ghz-32-core-tray,2732.9,Epyc 8324pn,AMD,CPU_463864-ig800gg.jpg,https://ic.jimms.fi/product/6/5/463864-ig800gg.jpg,32,64,2.05 ghz,128 mb,Sp6,,130 w,
127,https://www.jimms.fi/fi/Product/Show/187570/100-000000802/amd-epyc-9124-sp5-3-00-ghz-16-core-tray,1322.9,Epyc 9124,AMD,CPU_416159-ig800gg.jpg,https://ic.jimms.fi/product/5/0/416159-ig800gg.jpg,16,32,3.0 ghz,64 mb,Sp5,,200 w,
128,https://www.jimms.fi/fi/Product/Show/191497/pk8071305126800/intel-xeon-w7-2475x-lga4677-2-60ghz-37-5mb-tray,2533.9,Xeon w7-2475x,Intel,CPU_436530-ig800gg.jpg,https://ic.jimms.fi/product/3/9/436530-ig800gg.jpg,"20 (20 p-core, 0 e-core)",40,2.60 ghz (base),37.5 mb intel smart cache,Lga4677,,225 w,
129,https://www.jimms.fi/fi/Product/Show/184471/bx8071513900kf/intel-core-i9-13900kf-lga1700-3-00-ghz-36mb-boxed,650.9,Core i9-13900kf,Intel,CPU_405419-ig800gg.jpg,https://ic.jimms.fi/product/1/0/405419-ig800gg.jpg,24 (8p + 16e),32,"3.00 ghz (base, p-core) / 2.20 ghz (base, e-core)",36 mb,Lga1700,,125w,
130,https://www.jimms.fi/fi/Product/Show/192041/pk8071305081700/intel-xeon-w7-3465x-lga4677-2-50ghz-75mb-tray,3705.9,Xeon w7-3465x,Intel,CPU_439513-ig800gg.jpg,https://ic.jimms.fi/product/1/6/439513-ig800gg.jpg,"28 (28 p-core, 0 e-core)",56,2.50 ghz (base),75 mb intel smart cache,Lga4677,,300 w,
131,https://www.jimms.fi/fi/Product/Show/196451/100-000001174/amd-epyc-8434pn-sp6-2-0-ghz-48-core-tray,3818.9,Epyc 8434pn,AMD,CPU_463865-ig800gg.jpg,https://ic.jimms.fi/product/6/4/463865-ig800gg.jpg,48,96,2.0 ghz,128 mb,Sp6,,155 w,
132,https://www.jimms.fi/fi/Product/Show/183344/100-100000444wof/amd-ryzen-threadripper-pro-5995wx-swrx8-2-7ghz-292mb-64-core,7399.9,Ryzen threadripper pro 5995wx,AMD,CPU_393659-ig800gg.jpg,https://ic.jimms.fi/product/5/0/393659-ig800gg.jpg,64,128,2.7 ghz,L1: 4 mb,Swrx8,,280w,
133,https://www.jimms.fi/fi/Product/Show/195760/bx8071514900k/intel-core-i9-14900k-lga1700-3-20-ghz-36mb-boxed,699.9,Core i9-14900k,Intel,CPU_466759-ig800gg.jpg,https://ic.jimms.fi/product/5/0/466759-ig800gg.jpg,24 (8p + 16e),32,"3.2 ghz (base, p-core) / 2.4 ghz (base, e-core)",36 mb,Lga1700,,125w,Intel® uhd graphics 770
134,https://www.jimms.fi/fi/Product/Show/161252/bx8070110100/intel-core-i3-10100-lga1200-3-60-ghz-6mb-boxed,129.9,Core i3-10100,Intel,CPU_288736-ig800gg.jpg,https://ic.jimms.fi/product/3/3/288736-ig800gg.jpg,4,8,3.60 ghz,6mb,Lga1200,,65w,Intel® uhd graphics 630
135,https://www.jimms.fi/fi/Product/Show/192029/cd8068904708401/intel-xeon-w-3335-lga4189-3-40ghz-24mb-tray,1932.9,Xeon w-3335,Intel,CPU_439489-ig800gg.jpg,https://ic.jimms.fi/product/8/0/439489-ig800gg.jpg,16,32,3.4 ghz,24 mt,Lga4189,,250 w,
136,https://www.jimms.fi/fi/Product/Show/123192/bx80660e52630v4/intel-xeon-e5-2630v4-2-2-ghz-10-core-socket-2011-v3-boxed,821.9,Xeon e5-2630v4,Intel,CPU_145826-ig800gg.jpg,https://ic.jimms.fi/product/2/3/145826-ig800gg.jpg,10,20,"2,2 ghz",25mb smartcache,Lga2011-v3,,,
137,https://www.jimms.fi/fi/Product/Show/178225/bx8071512100/intel-core-i3-12100-lga1700-3-30-ghz-12mb-boxed,140.9,Core i3-12100,Intel,CPU_370063-ig800gg.jpg,https://ic.jimms.fi/product/6/6/370063-ig800gg.jpg,4 (4p + 0e),8,3.3 ghz (base),12mb,Lga1700,,60w,Intel® uhd graphics 730
138,https://www.jimms.fi/fi/Product/Show/192042/pk8071305081600/intel-xeon-w9-3475x-lga4677-2-20ghz-82-5mb-tray,5309.9,Xeon w9-3475x,Intel,CPU_439514-ig800gg.jpg,https://ic.jimms.fi/product/1/5/439514-ig800gg.jpg,"36 (36 p-core, 0 e-core)",72,2.50 ghz (base),82.5 mb intel smart cache,Lga4677,,300 w,
139,https://www.jimms.fi/fi/Product/Show/192027/cd8069504393801/intel-xeon-w-2245-lga2066-3-90ghz-16-5mb-tray,913.9,Xeon w-2245,Intel,CPU_439487-ig800gg.jpg,https://ic.jimms.fi/product/8/2/439487-ig800gg.jpg,8,16,3.9 ghz,16.5 mt,Lga2066,,155 w,
140,https://www.jimms.fi/fi/Product/Show/166061/100-100000061wof/amd-ryzen-9-5900x-am4-3-7-ghz-12-core-boxed,364.9,Ryzen 9 5900x,AMD,CPU_303984-ig800gg.jpg,https://ic.jimms.fi/product/8/5/303984-ig800gg.jpg,12,24,3.7 ghz,L2 cache: 6mb,Am4,,105w,
141,https://www.jimms.fi/fi/Product/Show/187643/bx8071513900ks/intel-core-i9-13900ks-lga1700-3-20-ghz-36mb-boxed,817.9,Core i9-13900ks,Intel,CPU_423614-ig800gg.jpg,https://ic.jimms.fi/product/1/5/423614-ig800gg.jpg,24 (8p + 16e),32,"3.20 ghz (base, p-core) / 2.40 ghz (base, e-core)",36 mb,Lga1700,,150w,Intel® uhd graphics 770
142,https://www.jimms.fi/fi/Product/Show/154702/bx806956240/intel-xeon-gold-6240-lga3647-2-60-ghz-24-75-mb-boxed,3798.9,Xeon gold 6240,Intel,CPU_255949-ig800gg.jpg,https://ic.jimms.fi/product/4/0/255949-ig800gg.jpg,18,36,2.60 ghz,24.75 mb,Lga3647,,150w,
143,https://www.jimms.fi/fi/Product/Show/192040/pk8071305081800/intel-xeon-w7-3455-lga4677-2-50ghz-67-5mb-tray,3538.9,Xeon w7-3455,Intel,CPU_439512-ig800gg.jpg,https://ic.jimms.fi/product/1/7/439512-ig800gg.jpg,"24 (24 p-core, 0 e-core)",48,2.50 ghz (base),67.5 mb intel smart cache,Lga4677,,270 w,
144,https://www.jimms.fi/fi/Product/Show/187627/100-100000144box/amd-ryzen-3-4300g-am4-3-8-ghz-4-core-radeon-graphics-boxed,94.9,Ryzen 3 4300g,AMD,CPU_416473-ig800gg.jpg,https://ic.jimms.fi/product/7/6/416473-ig800gg.jpg,4,8,3.8 ghz,4mb,Am4,Wraith stealth,65w,Radeon graphics
145,https://www.jimms.fi/fi/Product/Show/139053/bx806734114/intel-xeon-silver-4114-lga3647-2-2ghz-13-75mb-boxed,836.9,Xeon silver 4114,Intel,CPU_192280-ig800gg.jpg,https://ic.jimms.fi/product/8/9/192280-ig800gg.jpg,10,20,2.2 ghz,13.75 mb,Lga3647,,85w,
146,https://www.jimms.fi/fi/Product/Show/187652/bx8071513100f/intel-core-i3-13100f-lga1700-3-40-ghz-12mb-boxed,136.9,Core i3-13100f,Intel,CPU_420910-ig800gg.jpg,https://ic.jimms.fi/product/1/9/420910-ig800gg.jpg,4 (4p + 0e),8,"3.40 ghz (base, p-core) / n/a ghz (base, e-core)",12 mb,Lga1700,Intel laminar rh1 cooler,58w,No
147,https://www.jimms.fi/fi/Product/Show/173333/100-100000252box/amd-ryzen-5-5600g-am4-3-9-ghz-6-core-boxed,139.9,Ryzen 5 5600g,AMD,CPU_346349-ig800gg.jpg,https://ic.jimms.fi/product/4/0/346349-ig800gg.jpg,6,12,3.9 ghz,L2 cache: 3mb,Am4,Wraith stealth,65w,Radeon vega 7 -sarja
148,https://www.jimms.fi/fi/Product/Show/178222/bx8071512500/intel-core-i5-12500-lga1700-3-ghz-18mb-boxed,273.9,Core i5-12500,Intel,CPU_366571-ig800gg.jpg,https://ic.jimms.fi/product/7/8/366571-ig800gg.jpg,6 (6p + 0e),12,3 ghz (base),18mb,Lga1700,,65w,Intel® uhd graphics 770
149,https://www.jimms.fi/fi/Product/Show/196449/100-000001164/amd-epyc-8224pn-sp6-2-0-ghz-24-core-tray,1420.9,Epyc 8224pn,AMD,CPU_463863-ig800gg.jpg,https://ic.jimms.fi/product/6/6/463863-ig800gg.jpg,24,48,2.0 ghz,64 mb,Sp6,,120 w,
150,https://www.jimms.fi/fi/Product/Show/191493/pk8071305127200/intel-xeon-w5-2455x-lga4677-3-20ghz-30mb-tray,1417.9,Xeon w5-2455x,Intel,CPU_436526-ig800gg.jpg,https://ic.jimms.fi/product/2/3/436526-ig800gg.jpg,"12 (12 p-core, 0 e-core)",24,3.20 ghz (base),30 mb intel smart cache,Lga4677,,200 w,
151,https://www.jimms.fi/fi/Product/Show/188075/100-100000590box/amd-ryzen-9-7900-am5-3-7-ghz-12-core-boxed,469.9,Ryzen 9 7900,AMD,CPU_423383-ig800gg.jpg,https://ic.jimms.fi/product/8/6/423383-ig800gg.jpg,12,24,3.7 ghz,64mb,Am5,,65w,Amd radeon graphics
152,https://www.jimms.fi/fi/Product/Show/139375/bx806736152/intel-xeon-gold-6152-lga3647-2-1ghz-30-25mb,4416.9,Xeon gold 6152,Intel,CPU_193286-ig800gg.jpg,https://ic.jimms.fi/product/8/3/193286-ig800gg.jpg,22,44,2.10 ghz,"30,25 mb",Lga3647,,140 w,
153,https://www.jimms.fi/fi/Product/Show/169805/bx8070811900k/intel-core-i9-11900k-lga1200-3-50-ghz-16mb-boxed,375.9,Core i9-11900k,Intel,CPU_329951-ig800gg.jpg,https://ic.jimms.fi/product/5/8/329951-ig800gg.jpg,8,16,3.50 ghz (base),16mb,Lga1200,,125w,Intel® uhd graphics 750
154,https://www.jimms.fi/fi/Product/Show/123434/bx80660e52695v4/intel-xeon-e5-2695-v4-lga2011-3-2-1ghz-45mb-boxed,3192.9,Xeon e5-2695 v4,Intel,CPU_146329-ig800gg.jpg,https://ic.jimms.fi/product/2/0/146329-ig800gg.jpg,18,36,2.10 ghz,45 mb,Lga2011-3,,120 w,
155,https://www.jimms.fi/fi/Product/Show/178221/bx8071512600/intel-core-i5-12600-lga1700-3-30-ghz-18mb-boxed,311.9,Core i5-12600,Intel,CPU_366574-ig800gg.jpg,https://ic.jimms.fi/product/7/5/366574-ig800gg.jpg,6 (6p + 0e),12,3.3 ghz (base),18mb,Lga1700,,65w,Intel® uhd graphics 770
156,https://www.jimms.fi/fi/Product/Show/178224/bx8071512400f/intel-core-i5-12400f-lga1700-2-50-ghz-18mb-boxed,169.9,Core i5-12400f,Intel,CPU_366580-ig800gg.jpg,https://ic.jimms.fi/product/8/9/366580-ig800gg.jpg,6 (6p+0e),12,2.50 ghz (base),18mb,Lga1700,,65w,
157,https://www.jimms.fi/fi/Product/Show/161254/bx8070110320/intel-core-i3-10320-lga1200-3-80-ghz-8mb-boxed,208.9,Core i3-10320,Intel,CPU_288738-ig800gg.jpg,https://ic.jimms.fi/product/3/1/288738-ig800gg.jpg,4,8,3.80 ghz,8mb,Lga1200,,65w,Intel® uhd graphics 630
158,https://www.jimms.fi/fi/Product/Show/178223/bx8071512400/intel-core-i5-12400-lga1700-2-50-ghz-18mb-boxed,189.9,Core i5-12400,Intel,CPU_366568-ig800gg.jpg,https://ic.jimms.fi/product/6/1/366568-ig800gg.jpg,6 (6p + 0e),12,2.5 ghz (base),18mb,Lga1700,,65w,Intel® uhd graphics 730
159,https://www.jimms.fi/fi/Product/Show/123431/bx80660e52680v4/intel-xeon-e5-2680-v4-lga2011-3-2-4ghz-35mb-boxed,2115.9,Xeon e5-2680 v4,Intel,CPU_146325-ig800gg.jpg,https://ic.jimms.fi/product/2/4/146325-ig800gg.jpg,14,28,2.40 ghz,35 mb,Lga2011-3,,120 w,
160,https://www.jimms.fi/fi/Product/Show/180799/cm8071504569915/intel-core-i9-12900ks-lga1700-3-40-ghz-30mb-tray-poistotuote,449.9,Core i9-12900ks,Intel,CPU_379072-ig800gg.jpg,https://ic.jimms.fi/product/7/7/379072-ig800gg.jpg,16 (8p + 8e),24,"3.40 ghz (base, p-core) / 2.50 ghz (base, e-core)",30mb,Lga1700,,150w,Intel® uhd graphics 770
161,https://www.jimms.fi/fi/Product/Show/184598/100-100000514wof/amd-ryzen-9-7950x-am5-4-5-ghz-16-core-wof,649.9,Ryzen 9 7950x,AMD,CPU_416541-ig800gg.jpg,https://ic.jimms.fi/product/4/8/416541-ig800gg.jpg,16,32,4.5 ghz,64mb,Am5,,170w,Amd radeon graphics
162,https://www.jimms.fi/fi/Product/Show/169810/bx8070811600/intel-core-i5-11600-lga1200-2-80-ghz-12mb-boxed,264.9,Core i5-11600,Intel,CPU_329940-ig800gg.jpg,https://ic.jimms.fi/product/4/9/329940-ig800gg.jpg,6,12,2.80 ghz (base),12mb,Lga1200,,65w,Intel® uhd graphics 750
163,https://www.jimms.fi/fi/Product/Show/154674/bx806736138/intel-xeon-gold-6138-lga3647-2-00-ghz-27-5-mb-boxed,3120.9,Xeon gold 6138,Intel,CPU_255892-ig800gg.jpg,https://ic.jimms.fi/product/9/7/255892-ig800gg.jpg,20,40,2.00 ghz,27.5 mb,Lga3647,,125w,
164,https://www.jimms.fi/fi/Product/Show/187556/100-000000790/amd-epyc-9554-sp5-3-10-ghz-64-core-tray,8498.9,Epyc 9554,AMD,CPU_416110-ig800gg.jpg,https://ic.jimms.fi/product/1/9/416110-ig800gg.jpg,64,128,3.1 ghz,256 mb,Sp5,,360 w,
165,https://www.jimms.fi/fi/Product/Show/187649/bx8071513400/intel-core-i5-13400-lga1700-2-50-ghz-20mb-boxed,276.9,Core i5-13400,Intel,CPU_420864-ig800gg.jpg,https://ic.jimms.fi/product/6/5/420864-ig800gg.jpg,10 (6p + 4e),16,"2.50 ghz (base, p-core) / 1.80 ghz (base, e-core)",20 mb,Lga1700,Intel laminar rh1 cooler,65w,Intel® uhd graphics 730
166,https://www.jimms.fi/fi/Product/Show/169822/bx8070110305/intel-core-i3-10305-lga1200-3-80-ghz-8mb-boxed,200.9,Core i3-10305,Intel,CPU_332828-ig800gg.jpg,https://ic.jimms.fi/product/2/1/332828-ig800gg.jpg,4,8,3.80 ghz (base),8mb,Lga1200,,65w,Intel® uhd graphics 630
167,https://www.jimms.fi/fi/Product/Show/163979/bx8070110850k/intel-core-i9-10850k-lga1200-3-60-ghz-20mb-boxed,419.9,Core i9-10850k,Intel,CPU_293877-ig800gg.jpg,https://ic.jimms.fi/product/7/2/293877-ig800gg.jpg,10,20,3.60 ghz,20mb,Lga1200,,125w,Intel® uhd graphics 630
168,https://www.jimms.fi/fi/Product/Show/169815/bx8070811600kf/intel-core-i5-11600kf-lga1200-3-90-ghz-12mb-boxed,287.9,Core i5-11600kf,Intel,CPU_329942-ig800gg.jpg,https://ic.jimms.fi/product/4/7/329942-ig800gg.jpg,6,12,3.90 ghz (base),12mb,Lga1200,,125w,
169,https://www.jimms.fi/fi/Product/Show/188804/100-100000909wof/amd-ryzen-9-7900x3d-am5-4-4-ghz-12-core-wof,599.9,Ryzen 9 7900x3d,AMD,CPU_428627-ig800gg.jpg,https://ic.jimms.fi/product/2/2/428627-ig800gg.jpg,12,24,4.4 ghz,128mb,Am5,,120w,Amd radeon graphics
170,https://www.jimms.fi/fi/Product/Show/154701/bx806956242/intel-xeon-gold-6242-lga3647-2-80-ghz-22mb-boxed,3568.9,Xeon gold 6242,Intel,CPU_255948-ig800gg.jpg,https://ic.jimms.fi/product/4/1/255948-ig800gg.jpg,16,32,2.80 ghz,22 mb,Lga3647,,150w,
171,https://www.jimms.fi/fi/Product/Show/187567/100-000000480/amd-epyc-9254-sp5-2-90-ghz-24-core-tray,2711.9,Epyc 9254,AMD,CPU_416150-ig800gg.jpg,https://ic.jimms.fi/product/5/9/416150-ig800gg.jpg,24,48,2.9 ghz,128 mb,Sp5,,200 w,
172,https://www.jimms.fi/fi/Product/Show/169813/bx8070811900kf/intel-core-i9-11900kf-lga1200-3-50-ghz-16mb-boxed,287.9,Core i9-11900kf,Intel,CPU_329952-ig800gg.jpg,https://ic.jimms.fi/product/5/7/329952-ig800gg.jpg,8,16,3.50 ghz (base),16mb,Lga1200,,125w,
173,https://www.jimms.fi/fi/Product/Show/192035/bx807133465x/intel-xeon-w7-3465x-lga4677-2-50ghz-75mb-boxed,3486.9,Xeon w7-3465x,Intel,CPU_439495-ig800gg.jpg,https://ic.jimms.fi/product/9/4/439495-ig800gg.jpg,"28 (28 p-core, 0 e-core)",56,2.50 ghz (base),75 mb intel smart cache,Lga4677,,300 w,
174,https://www.jimms.fi/fi/Product/Show/192043/pk8071305081500/intel-xeon-w9-3495x-lga4677-1-90ghz-105mb-tray,7960.9,Xeon w9-3495x,Intel,CPU_439515-ig800gg.jpg,https://ic.jimms.fi/product/1/4/439515-ig800gg.jpg,"56 (56 p-core, 0 e-core)",112,1.90 ghz (base),105 mb intel smart cache,Lga4677,,350 w,
175,https://www.jimms.fi/fi/Product/Show/161253/bx8070110300/intel-core-i3-10300-lga1200-3-70-ghz-8mb-boxed,199,Core i3-10300,Intel,CPU_288737-ig800gg.jpg,https://ic.jimms.fi/product/3/2/288737-ig800gg.jpg,4,8,3.70 ghz,8mb,Lga1200,,65w,Intel® uhd graphics 630
176,https://www.jimms.fi/fi/Product/Show/154709/bx806956238/intel-xeon-gold-6238-lga3647-2-10-ghz-30-25-mb-boxed,3582.9,Xeon gold 6238,Intel,CPU_255956-ig800gg.jpg,https://ic.jimms.fi/product/5/3/255956-ig800gg.jpg,22,44,2.10 ghz,30.25 mb,Lga3647,,140w,
177,https://www.jimms.fi/fi/Product/Show/184603/100-100000589wof/amd-ryzen-9-7900x-am5-4-7-ghz-12-core-wof,474.9,Ryzen 9 7900x,AMD,CPU_416535-ig800gg.jpg,https://ic.jimms.fi/product/3/4/416535-ig800gg.jpg,12,24,4.7 ghz,64mb,Am5,,170w,Amd radeon graphics
178,https://www.jimms.fi/fi/Product/Show/147527/bx806734110/intel-xeon-silver-4110-lga3647-2-1ghz-11mb-boxed,616.9,Xeon silver 4110,Intel,CPU_226075-ig800gg.jpg,https://ic.jimms.fi/product/7/4/226075-ig800gg.jpg,8,16,2.10 ghz,11 mb,Lga3647,,85w,
179,https://www.jimms.fi/fi/Product/Show/169806/bx8070811700k/intel-core-i7-11700k-lga1200-3-60-ghz-16mb-boxed,442.9,Core i7-11700k,Intel,CPU_329945-ig800gg.jpg,https://ic.jimms.fi/product/4/4/329945-ig800gg.jpg,8,16,3.60 ghz (base),16mb,Lga1200,,125w,Intel® uhd graphics 750
180,https://www.jimms.fi/fi/Product/Show/154707/bx806954208/intel-xeon-silver-4208-lga3647-2-10-ghz-11mb-boxed,596.9,Xeon silver 4208,Intel,CPU_255954-ig800gg.jpg,https://ic.jimms.fi/product/5/5/255954-ig800gg.jpg,8,16,2.10 ghz,11 mb,Lga3647,,85w,
181,https://www.jimms.fi/fi/Product/Show/169812/bx8070811400/intel-core-i5-11400-lga1200-2-60-ghz-12mb-boxed,175.9,Core i5-11400,Intel,CPU_329937-ig800gg.jpg,https://ic.jimms.fi/product/3/2/329937-ig800gg.jpg,6,12,2.60 ghz (base),12mb,Lga1200,,65w,Intel® uhd graphics 730
182,https://www.jimms.fi/fi/Product/Show/191499/pk8071305126600/intel-xeon-w7-2495x-lga4677-2-50ghz-45mb-tray,3062.9,Xeon w7-2495x,Intel,CPU_436532-ig800gg.jpg,https://ic.jimms.fi/product/3/7/436532-ig800gg.jpg,"24 (24 p-core, 0 e-core)",48,2.50 ghz (base),45 mb intel smart cache,Lga4677,,225 w,
183,https://www.jimms.fi/fi/Product/Show/181563/100-000000507/amd-epyc-7473x-sp3-2-80-ghz-24-core-tray,4156.9,Epyc 7473x,AMD,CPU_383942-ig800gg.jpg,https://ic.jimms.fi/product/4/7/383942-ig800gg.jpg,24,48,2.8 ghz,768 mb,Sp3,,240 w,
184,https://www.jimms.fi/fi/Product/Show/184470/bx8071513900k/intel-core-i9-13900k-lga1700-3-00-ghz-36mb-boxed,679.9,Core i9-13900k,Intel,CPU_405416-ig800gg.jpg,https://ic.jimms.fi/product/1/3/405416-ig800gg.jpg,24 (8p + 16e),32,"3.00 ghz (base, p-core) / 2.20 ghz (base, e-core)",36 mb,Lga1700,,125w,Intel® uhd graphics 770
185,https://www.jimms.fi/fi/Product/Show/187557/100-000000799/amd-epyc-9534-sp5-2-45-ghz-64-core-tray,8233.9,Epyc 9534,AMD,CPU_416114-ig800gg.jpg,https://ic.jimms.fi/product/1/5/416114-ig800gg.jpg,64,128,2.45 ghz,256 mb,Sp5,,280 w,
186,https://www.jimms.fi/fi/Product/Show/187647/bx8071513700f/intel-core-i7-13700f-lga1700-2-10-ghz-30mb-boxed,434.9,Core i7-13700f,Intel,CPU_420876-ig800gg.jpg,https://ic.jimms.fi/product/7/3/420876-ig800gg.jpg,16 (8p + 8e),24,"2.10 ghz (base, p-core) / 1.50 ghz (base, e-core)",30 mb,Lga1700,Intel laminar rh1 cooler,65w,No
187,https://www.jimms.fi/fi/Product/Show/192034/bx807133435x/intel-xeon-w5-3435x-lga4677-3-10ghz-45mb-boxed,1919.9,Xeon w5-3435x,Intel,CPU_439494-ig800gg.jpg,https://ic.jimms.fi/product/9/5/439494-ig800gg.jpg,"16 (16 p-core, 0 e-core)",32,3.10 ghz (base),45 mb intel smart cache,Lga4677,,270 w,
188,https://www.jimms.fi/fi/Product/Show/183345/100-100000445wof/amd-ryzen-threadripper-pro-5975wx-swrx8-3-6ghz-146mb-32-core,3699.9,Ryzen threadripper pro 5975wx,AMD,CPU_393661-ig800gg.jpg,https://ic.jimms.fi/product/6/8/393661-ig800gg.jpg,32,64,3.6 ghz,L1: 2 mb,Swrx8,,280w,
189,https://www.jimms.fi/fi/Product/Show/178953/bx80715g6900/intel-celeron-g6900-lga1700-3-40-ghz-4mb-boxed,72.9,Celeron g6900,Intel,CPU_385244-ig800gg.jpg,https://ic.jimms.fi/product/4/5/385244-ig800gg.jpg,2 (2p + 0e),2,3.40 ghz (base),4mb,Lga1700,,46w,Intel® uhd graphics 710
190,https://www.jimms.fi/fi/Product/Show/176048/bx8071512700k/intel-core-i7-12700k-lga1700-3-60-ghz-25mb-boxed,348.9,Core i7-12700k,Intel,CPU_356332-ig800gg.jpg,https://ic.jimms.fi/product/3/7/356332-ig800gg.jpg,12 (8p + 4e),20,3.60 ghz (base),25mb,Lga1700,,125w,Intel® uhd graphics 770
191,https://www.jimms.fi/fi/Product/Show/181564/100-000000506/amd-epyc-7573x-sp3-2-80-ghz-32-core-tray,5951.9,Epyc 7573x,AMD,CPU_383944-ig800gg.jpg,https://ic.jimms.fi/product/4/5/383944-ig800gg.jpg,32,64,2.8 ghz,768 mb,Sp3,,280 w,
192,https://www.jimms.fi/fi/Product/Show/187561/100-000000478/amd-epyc-9454-sp5-2-75-ghz-48-core-tray,6133.9,Epyc 9454,AMD,CPU_416132-ig800gg.jpg,https://ic.jimms.fi/product/3/7/416132-ig800gg.jpg,48,96,2.75 ghz,256 mb,Sp5,,290 w,
